"Date","Team","Opponent","Season","Game_Id","Line_Favored","Line_Amount","Over_Under","Money_Line","Money_Line_Opp","Implied_Odds","Implied_Odds_Opp","Time_Stamp"
"1/3/2021","Boston","Detroit",2021,"401267245","BOS",-8.5,"213.5",-355,295,0.78021978,0.253164557,"1/3/2021 12:52"
"1/3/2021","Detroit","Boston",2021,"401267245","BOS",-8.5,"213.5",295,-355,0.253164557,0.78021978,"1/3/2021 12:52"
"1/3/2021","Brooklyn","Washington",2021,"401267246","BKN",-7.5,"241",-310,255,0.756097561,0.281690141,"1/3/2021 12:52"
"1/3/2021","Washington","Brooklyn",2021,"401267246","BKN",-7.5,"241",255,-310,0.281690141,0.756097561,"1/3/2021 12:52"
"1/3/2021","Los Angeles","Memphis",2021,"401267247","LAL",-9.5,"221.5",-500,400,0.833333333,0.2,"1/3/2021 12:52"
"1/3/2021","Memphis","Los Angeles",2021,"401267247","LAL",-9.5,"221.5",400,-500,0.2,0.833333333,"1/3/2021 12:52"
"1/3/2021","Denver","Minnesota",2021,"401267248","DEN",-8.5,"226",-400,320,0.8,0.238095238,"1/3/2021 12:52"
"1/3/2021","Minnesota","Denver",2021,"401267248","DEN",-8.5,"226",320,-400,0.238095238,0.8,"1/3/2021 12:52"
"1/3/2021","San Antonio","Utah",2021,"401267249","UTAH",-4.5,"220",165,-185,0.377358491,0.649122807,"1/3/2021 12:52"
"1/3/2021","Utah","San Antonio",2021,"401267249","UTAH",-4.5,"220",-185,165,0.649122807,0.377358491,"1/3/2021 12:52"
"1/3/2021","Chicago","Dallas",2021,"401267250","DAL",-6,"224",205,-245,0.327868852,0.710144928,"1/3/2021 12:52"
"1/3/2021","Dallas","Chicago",2021,"401267250","DAL",-6,"224",-245,205,0.710144928,0.327868852,"1/3/2021 12:52"
"1/3/2021","LA","Phoenix",2021,"401267251","LAC",-3.5,"216.5",-165,145,0.622641509,0.408163265,"1/3/2021 12:52"
"1/3/2021","Phoenix","LA",2021,"401267251","LAC",-3.5,"216.5",145,-165,0.408163265,0.622641509,"1/3/2021 12:52"
"1/3/2021","Golden State","Portland",2021,"401267252","POR",-5,"235",175,-200,0.363636364,0.666666667,"1/3/2021 12:52"
"1/3/2021","Portland","Golden State",2021,"401267252","POR",-5,"235",-200,175,0.666666667,0.363636364,"1/3/2021 12:52"
"1/3/2021","Boston","Detroit",2021,"401267245","BOS",-8.5,"213.5",-355,295,0.78021978,0.253164557,"1/3/2021 19:12"
"1/3/2021","Detroit","Boston",2021,"401267245","BOS",-8.5,"213.5",295,-355,0.253164557,0.78021978,"1/3/2021 19:12"
"1/3/2021","Brooklyn","Washington",2021,"401267246","BKN",-7.5,"242",-310,255,0.756097561,0.281690141,"1/3/2021 19:12"
"1/3/2021","Washington","Brooklyn",2021,"401267246","BKN",-7.5,"242",255,-310,0.281690141,0.756097561,"1/3/2021 19:12"
"1/3/2021","Los Angeles","Memphis",2021,"401267247","LAL",-9.5,"219.5",-400,320,0.8,0.238095238,"1/3/2021 19:12"
"1/3/2021","Memphis","Los Angeles",2021,"401267247","LAL",-9.5,"219.5",320,-400,0.238095238,0.8,"1/3/2021 19:12"
"1/3/2021","Denver","Minnesota",2021,"401267248","DEN",-8.5,"226.5",-380,310,0.791666667,0.243902439,"1/3/2021 19:12"
"1/3/2021","Minnesota","Denver",2021,"401267248","DEN",-8.5,"226.5",310,-380,0.243902439,0.791666667,"1/3/2021 19:12"
"1/3/2021","San Antonio","Utah",2021,"401267249","UTAH",-4.5,"220.5",165,-185,0.377358491,0.649122807,"1/3/2021 19:12"
"1/3/2021","Utah","San Antonio",2021,"401267249","UTAH",-4.5,"220.5",-185,165,0.649122807,0.377358491,"1/3/2021 19:12"
"1/3/2021","Chicago","Dallas",2021,"401267250","DAL",-6,"225.5",205,-245,0.327868852,0.710144928,"1/3/2021 19:12"
"1/3/2021","Dallas","Chicago",2021,"401267250","DAL",-6,"225.5",-245,205,0.710144928,0.327868852,"1/3/2021 19:12"
"1/3/2021","LA","Phoenix",2021,"401267251","LAC",-3.5,"215.5",-165,145,0.622641509,0.408163265,"1/3/2021 19:12"
"1/3/2021","Phoenix","LA",2021,"401267251","LAC",-3.5,"215.5",145,-165,0.408163265,0.622641509,"1/3/2021 19:12"
"1/3/2021","Golden State","Portland",2021,"401267252","POR",-4.5,"235",170,-190,0.37037037,0.655172414,"1/3/2021 19:12"
"1/3/2021","Portland","Golden State",2021,"401267252","POR",-4.5,"235",-190,170,0.655172414,0.37037037,"1/3/2021 19:12"
"18658","Denver","Utah",2021,"401267466","UTAH",-1,"219.5",-105,-115,0.51219512195122,0.534883720930233,"1612110539.33299"
"18658","Utah","Denver",2021,"401267466","UTAH",-1,"219.5",-115,-105,0.534883720930233,0.51219512195122,"1612110539.33299"
"18658","Indiana","Philadelphia",2021,"401267467","PHI",-1.5,"223",100,-120,0.5,0.545454545454545,"1612110539.33299"
"18658","Philadelphia","Indiana",2021,"401267467","PHI",-1.5,"223",-120,100,0.545454545454545,0.5,"1612110539.33299"
"18658","LA","New York",2021,"401267468","LAC",-9.5,"209.5",-500,400,0.833333333333333,0.2,"1612110539.33299"
"18658","New York","LA",2021,"401267468","LAC",-9.5,"209.5",400,-500,0.2,0.833333333333333,"1612110539.33299"
"18658","Orlando","Toronto",2021,"401267469","TOR",-5.5,"215.5",190,-220,0.344827586206897,0.6875,"1612110539.33299"
"18658","Toronto","Orlando",2021,"401267469","TOR",-5.5,"215.5",-220,190,0.6875,0.344827586206897,"1612110539.33299"
"18658","Brooklyn","Washington",2021,"401267470","BKN",-7.5,"244",-350,290,0.777777777777778,0.256410256410256,"1612110539.33299"
"18658","Washington","Brooklyn",2021,"401267470","BKN",-7.5,"244",290,-350,0.256410256410256,0.777777777777778,"1612110539.33299"
"18658","Cleveland","Minnesota",2021,"401267471","CLE",-3,"218.5",-150,130,0.6,0.434782608695652,"1612110539.33299"
"18658","Minnesota","Cleveland",2021,"401267471","CLE",-3,"218.5",130,-150,0.434782608695652,0.6,"1612110539.33299"
"18659","Chicago","New York",2021,"401267475","CHI",-4,"219.5",-175,155,0.636363636363636,0.392156862745098,"1612172920.69247"
"18659","New York","Chicago",2021,"401267475","CHI",-4,"219.5",155,-175,0.392156862745098,0.636363636363636,"1612172920.69247"
"18659","Milwaukee","Portland",2021,"401267476","MIL",-10,"233",-600,450,0.857142857142857,0.181818181818182,"1612172920.69247"
"18659","Portland","Milwaukee",2021,"401267476","MIL",-10,"233",450,-600,0.181818181818182,0.857142857142857,"1612172920.69247"
"18659","New Orleans","Sacramento",2021,"401267477","NO",-3.5,"233",-165,145,0.622641509433962,0.408163265306122,"1612172920.69247"
"18659","Sacramento","New Orleans",2021,"401267477","NO",-3.5,"233",145,-165,0.408163265306122,0.622641509433962,"1612172920.69247"
"18659","Houston","Oklahoma City",2021,"401267478","HOU",-5,"224.5",-200,175,0.666666666666667,0.363636363636364,"1612172920.69247"
"18659","Oklahoma City","Houston",2021,"401267478","HOU",-5,"224.5",175,-200,0.363636363636364,0.666666666666667,"1612172920.69247"
"18659","Memphis","San Antonio",2021,"401267480","SA",-3.5,"--",145,-165,0.408163265306122,0.622641509433962,"1612172920.69247"
"18659","San Antonio","Memphis",2021,"401267480","SA",-3.5,"--",-165,145,0.622641509433962,0.408163265306122,"1612172920.69247"
"18659","Cleveland","Minnesota",2021,"401267472","CLE",-4.5,"219",-190,170,0.655172413793103,0.37037037037037,"1612198537.90823"
"18659","Minnesota","Cleveland",2021,"401267472","CLE",-4.5,"219",170,-190,0.37037037037037,0.655172413793103,"1612198537.90823"
"18659","Atlanta","Los Angeles",2021,"401267473","LAL",-5,"218.5",175,-200,0.363636363636364,0.666666666666667,"1612198537.90823"
"18659","Los Angeles","Atlanta",2021,"401267473","LAL",-5,"218.5",-200,175,0.666666666666667,0.363636363636364,"1612198537.90823"
"18659","Charlotte","Miami",2021,"401267474","MIA",-6,"217",210,-250,0.32258064516129,0.714285714285714,"1612198537.90823"
"18659","Miami","Charlotte",2021,"401267474","MIA",-6,"217",-250,210,0.714285714285714,0.32258064516129,"1612198537.90823"
"18659","Chicago","New York",2021,"401267475","CHI",-4,"218.5",-185,165,0.649122807017544,0.377358490566038,"1612198537.90823"
"18659","New York","Chicago",2021,"401267475","CHI",-4,"218.5",165,-185,0.377358490566038,0.649122807017544,"1612198537.90823"
"18659","Milwaukee","Portland",2021,"401267476","MIL",-9.5,"236",-475,380,0.826086956521739,0.208333333333333,"1612198537.90823"
"18659","Portland","Milwaukee",2021,"401267476","MIL",-9.5,"236",380,-475,0.208333333333333,0.826086956521739,"1612198537.90823"
"18659","New Orleans","Sacramento",2021,"401267477","NO",-3,"233",-150,130,0.6,0.434782608695652,"1612198537.90823"
"18659","Sacramento","New Orleans",2021,"401267477","NO",-3,"233",130,-150,0.434782608695652,0.6,"1612198537.90823"
"18659","Houston","Oklahoma City",2021,"401267478","HOU",-5,"223.5",-200,175,0.666666666666667,0.363636363636364,"1612198537.90823"
"18659","Oklahoma City","Houston",2021,"401267478","HOU",-5,"223.5",175,-200,0.363636363636364,0.666666666666667,"1612198537.90823"
"18659","Dallas","Phoenix",2021,"401267479","DAL",-3,"216.5",-150,130,0.6,0.434782608695652,"1612198537.90823"
"18659","Phoenix","Dallas",2021,"401267479","DAL",-3,"216.5",130,-150,0.434782608695652,0.6,"1612198537.90823"
"18659","Memphis","San Antonio",2021,"401267480","SA",-3.5,"221",145,-165,0.408163265306122,0.622641509433962,"1612198537.90823"
"18659","San Antonio","Memphis",2021,"401267480","SA",-3.5,"221",-165,145,0.622641509433962,0.408163265306122,"1612198537.90823"
"18659","Denver","Detroit",2021,"401267481","DEN",-8.5,"218",-400,320,0.8,0.238095238095238,"1612198537.90823"
"18659","Detroit","Denver",2021,"401267481","DEN",-8.5,"218",320,-400,0.238095238095238,0.8,"1612198537.90823"
"18660","Indiana","Memphis",2021,"401267482","IND",-6,"221",-220,190,0.6875,0.344827586206897,"1612259356.87333"
"18660","Memphis","Indiana",2021,"401267482","IND",-6,"221",190,-220,0.344827586206897,0.6875,"1612259356.87333"
"18660","Boston","Golden State",2021,"401267486","BOS",-3,"225.5",-150,130,0.6,0.434782608695652,"1612259356.87333"
"18660","Golden State","Boston",2021,"401267486","BOS",-3,"225.5",130,-150,0.434782608695652,0.6,"1612259356.87333"
"18660","Portland","Washington",2021,"401282283","WSH",-2,"240.5",110,-130,0.476190476190476,0.565217391304348,"1612259356.87333"
"18660","Washington","Portland",2021,"401282283","WSH",-2,"240.5",-130,110,0.565217391304348,0.476190476190476,"1612259356.87333"
"18660","Indiana","Memphis",2021,"401267482","IND",-4.5,"222",-185,165,0.649122807017544,0.377358490566038,"1612293375.21066"
"18660","Memphis","Indiana",2021,"401267482","IND",-4.5,"222",165,-185,0.377358490566038,0.649122807017544,"1612293375.21066"
"18660","Orlando","Toronto",2021,"401267483","TOR",-6.5,"215",230,-270,0.303030303030303,0.72972972972973,"1612293375.21066"
"18660","Toronto","Orlando",2021,"401267483","TOR",-6.5,"215",-270,230,0.72972972972973,0.303030303030303,"1612293375.21066"
"18660","Brooklyn","LA",2021,"401267484","LAC",-1.5,"241.5",100,-120,0.5,0.545454545454545,"1612293375.21066"
"18660","LA","Brooklyn",2021,"401267484","LAC",-1.5,"241.5",-120,100,0.545454545454545,0.5,"1612293375.21066"
"18660","Detroit","Utah",2021,"401267485","UTAH",-12,"218",625,-950,0.137931034482759,0.904761904761905,"1612293375.21066"
"18660","Utah","Detroit",2021,"401267485","UTAH",-12,"218",-950,625,0.904761904761905,0.137931034482759,"1612293375.21066"
"18660","Boston","Golden State",2021,"401267486","BOS",-2.5,"226.5",-140,120,0.583333333333333,0.454545454545455,"1612293375.21066"
"18660","Golden State","Boston",2021,"401267486","BOS",-2.5,"226.5",120,-140,0.454545454545455,0.583333333333333,"1612293375.21066"
"18660","Portland","Washington",2021,"401282283","WSH",-2.5,"240.5",120,-140,0.454545454545455,0.583333333333333,"1612293375.21066"
"18660","Washington","Portland",2021,"401282283","WSH",-2.5,"240.5",-140,120,0.583333333333333,0.454545454545455,"1612293375.21066"
"18661","Indiana","Milwaukee",2021,"401267489","MIL",-8.5,"232",320,-400,0.238095238095238,0.8,"1612345730.37818"
"18661","Milwaukee","Indiana",2021,"401267489","MIL",-8.5,"232",-400,320,0.8,0.238095238095238,"1612345730.37818"
"18661","Atlanta","Dallas",2021,"401267490","DAL",-2,"224",110,-130,0.476190476190476,0.565217391304348,"1612345730.37818"
"18661","Dallas","Atlanta",2021,"401267490","DAL",-2,"224",-130,110,0.565217391304348,0.476190476190476,"1612345730.37818"
"18661","Chicago","New York",2021,"401267492","CHI",-3,"216",-160,140,0.615384615384615,0.416666666666667,"1612345730.37818"
"18661","New York","Chicago",2021,"401267492","CHI",-3,"216",140,-160,0.416666666666667,0.615384615384615,"1612345730.37818"
"18661","Houston","Oklahoma City",2021,"401267493","HOU",-6.5,"221.5",-250,210,0.714285714285714,0.32258064516129,"1612345730.37818"
"18661","Oklahoma City","Houston",2021,"401267493","HOU",-6.5,"221.5",210,-250,0.32258064516129,0.714285714285714,"1612345730.37818"
"18661","Minnesota","San Antonio",2021,"401267494","SA",-8,"223.5",270,-330,0.27027027027027,0.767441860465116,"1612345730.37818"
"18661","San Antonio","Minnesota",2021,"401267494","SA",-8,"223.5",-330,270,0.767441860465116,0.27027027027027,"1612345730.37818"
"18661","New Orleans","Phoenix",2021,"401267495","PHX",-2.5,"222.5",125,-145,0.444444444444444,0.591836734693878,"1612345730.37818"
"18661","Phoenix","New Orleans",2021,"401267495","PHX",-2.5,"222.5",-145,125,0.591836734693878,0.444444444444444,"1612345730.37818"
"18662","Atlanta","Utah",2021,"401267498","UTAH",-7.5,"224",265,-325,0.273972602739726,0.764705882352941,"1612432276.46388"
"18662","Utah","Atlanta",2021,"401267498","UTAH",-7.5,"224",-325,265,0.764705882352941,0.273972602739726,"1612432276.46388"
"18662","Houston","Memphis",2021,"401267500","MEM",-1,"224.5",100,-120,0.5,0.545454545454545,"1612432276.46388"
"18662","Memphis","Houston",2021,"401267500","MEM",-1,"224.5",-120,100,0.545454545454545,0.5,"1612432276.46388"
"18662","Denver","Los Angeles",2021,"401267501","LAL",-5,"219.5",175,-200,0.363636363636364,0.666666666666667,"1612432276.46388"
"18662","Los Angeles","Denver",2021,"401267501","LAL",-5,"219.5",-200,175,0.666666666666667,0.363636363636364,"1612432276.46388"
"18663","Charlotte","Utah",2021,"401267502","UTAH",-7.5,"--",265,-325,0.273972602739726,0.764705882352941,"1612518609.02255"
"18663","Utah","Charlotte",2021,"401267502","UTAH",-7.5,"--",-325,265,0.764705882352941,0.273972602739726,"1612518609.02255"
"18663","Indiana","New Orleans",2021,"401267503","IND",-2.5,"226.5",-140,120,0.583333333333333,0.454545454545455,"1612518609.02255"
"18663","New Orleans","Indiana",2021,"401267503","IND",-2.5,"226.5",120,-140,0.454545454545455,0.583333333333333,"1612518609.02255"
"18663","Chicago","Orlando",2021,"401267504","CHI",-2,"221.5",-130,110,0.565217391304348,0.476190476190476,"1612518609.02255"
"18663","Orlando","Chicago",2021,"401267504","CHI",-2,"221.5",110,-130,0.476190476190476,0.565217391304348,"1612518609.02255"
"18663","Brooklyn","Toronto",2021,"401267505","BKN",-4.5,"242",-190,170,0.655172413793103,0.37037037037037,"1612518609.02255"
"18663","Toronto","Brooklyn",2021,"401267505","BKN",-4.5,"242",170,-190,0.37037037037037,0.655172413793103,"1612518609.02255"
"18663","Cleveland","Milwaukee",2021,"401267506","MIL",-10.5,"227.5",450,-600,0.181818181818182,0.857142857142857,"1612518609.02255"
"18663","Milwaukee","Cleveland",2021,"401267506","MIL",-10.5,"227.5",-600,450,0.857142857142857,0.181818181818182,"1612518609.02255"
"18663","Miami","Washington",2021,"401267507","MIA",-6.5,"228.5",-270,230,0.72972972972973,0.303030303030303,"1612518609.02255"
"18663","Washington","Miami",2021,"401267507","MIA",-6.5,"228.5",230,-270,0.303030303030303,0.72972972972973,"1612518609.02255"
"18663","Detroit","Phoenix",2021,"401267509","PHX",-8,"215",295,-355,0.253164556962025,0.78021978021978,"1612518609.02255"
"18663","Phoenix","Detroit",2021,"401267509","PHX",-8,"215",-355,295,0.78021978021978,0.253164556962025,"1612518609.02255"
"18663","Charlotte","Utah",2021,"401267502","UTAH",-8.5,"224.5",320,-400,0.238095238095238,0.8,"1612570576.36304"
"18663","Utah","Charlotte",2021,"401267502","UTAH",-8.5,"224.5",-400,320,0.8,0.238095238095238,"1612570576.36304"
"18663","Brooklyn","Toronto",2021,"401267505","BKN",-5.5,"239.5",-220,190,0.6875,0.344827586206897,"1612570576.36304"
"18663","Toronto","Brooklyn",2021,"401267505","BKN",-5.5,"239.5",190,-220,0.344827586206897,0.6875,"1612570576.36304"
"18663","Cleveland","Milwaukee",2021,"401267506","MIL",-10.5,"228.5",475,-650,0.173913043478261,0.866666666666667,"1612570576.36304"
"18663","Milwaukee","Cleveland",2021,"401267506","MIL",-10.5,"228.5",-650,475,0.866666666666667,0.173913043478261,"1612570576.36304"
"18663","Miami","Washington",2021,"401267507","MIA",-7,"230.5",-280,240,0.736842105263158,0.294117647058824,"1612570576.36304"
"18663","Washington","Miami",2021,"401267507","MIA",-7,"230.5",240,-280,0.294117647058824,0.736842105263158,"1612570576.36304"
"18663","Minnesota","Oklahoma City",2021,"401267508","MIN",-2.5,"220.5",-135,115,0.574468085106383,0.465116279069767,"1612570576.36304"
"18663","Oklahoma City","Minnesota",2021,"401267508","MIN",-2.5,"220.5",115,-135,0.465116279069767,0.574468085106383,"1612570576.36304"
"18663","Detroit","Phoenix",2021,"401267509","PHX",-7.5,"214",265,-325,0.273972602739726,0.764705882352941,"1612570576.36304"
"18663","Phoenix","Detroit",2021,"401267509","PHX",-7.5,"214",-325,265,0.764705882352941,0.273972602739726,"1612570576.36304"
"18663","Boston","LA",2021,"401267510","LAC",-6.5,"219.5",230,-270,0.303030303030303,0.72972972972973,"1612570576.36304"
"18663","LA","Boston",2021,"401267510","LAC",-6.5,"219.5",-270,230,0.72972972972973,0.303030303030303,"1612570576.36304"
"18664","Chicago","Orlando",2021,"401267513","CHI",-2.5,"224.5",-135,115,0.574468085106383,0.465116279069767,"1612570576.36304"
"18664","Orlando","Chicago",2021,"401267513","CHI",-2.5,"224.5",115,-135,0.465116279069767,0.574468085106383,"1612570576.36304"
"18664","Memphis","New Orleans",2021,"401267515","NO",-1.5,"227",100,-120,0.5,0.545454545454545,"1612570576.36304"
"18664","New Orleans","Memphis",2021,"401267515","NO",-1.5,"227",-120,100,0.545454545454545,0.5,"1612570576.36304"
"18664","Dallas","Golden State",2021,"401267520","DAL",-4,"231",-165,145,0.622641509433962,0.408163265306122,"1612570576.36304"
"18664","Golden State","Dallas",2021,"401267520","DAL",-4,"231",145,-165,0.408163265306122,0.622641509433962,"1612570576.36304"
"18664","New York","Portland",2021,"401267511","POR",-1.5,"217.5",100,-120,0.5,0.545454545454545,"1612624781.87521"
"18664","Portland","New York",2021,"401267511","POR",-1.5,"217.5",-120,100,0.545454545454545,0.5,"1612624781.87521"
"18664","Denver","Sacramento",2021,"401267512","DEN",-3.5,"227.5",-165,145,0.622641509433962,0.408163265306122,"1612624781.87521"
"18664","Sacramento","Denver",2021,"401267512","DEN",-3.5,"227.5",145,-165,0.408163265306122,0.622641509433962,"1612624781.87521"
"18664","Chicago","Orlando",2021,"401267513","CHI",-1,"224.5",-120,100,0.545454545454545,0.5,"1612624781.87521"
"18664","Orlando","Chicago",2021,"401267513","CHI",-1,"224.5",100,-120,0.5,0.545454545454545,"1612624781.87521"
"18664","Brooklyn","Philadelphia",2021,"401267514","PHI",-3,"237.5",130,-150,0.434782608695652,0.6,"1612624781.87521"
"18664","Philadelphia","Brooklyn",2021,"401267514","PHI",-3,"237.5",-150,130,0.6,0.434782608695652,"1612624781.87521"
"18664","Memphis","New Orleans",2021,"401267515","NO",-1.5,"227",100,-120,0.5,0.545454545454545,"1612624781.87521"
"18664","New Orleans","Memphis",2021,"401267515","NO",-1.5,"227",-120,100,0.545454545454545,0.5,"1612624781.87521"
"18664","Atlanta","Toronto",2021,"401267516","TOR",-4.5,"222.5",165,-185,0.377358490566038,0.649122807017544,"1612624781.87521"
"18664","Toronto","Atlanta",2021,"401267516","TOR",-4.5,"222.5",-185,165,0.649122807017544,0.377358490566038,"1612624781.87521"
"18664","Cleveland","Milwaukee",2021,"401267517","MIL",-10.5,"227.5",450,-600,0.181818181818182,0.857142857142857,"1612624781.87521"
"18664","Milwaukee","Cleveland",2021,"401267517","MIL",-10.5,"227.5",-600,450,0.857142857142857,0.181818181818182,"1612624781.87521"
"18664","Houston","San Antonio",2021,"401267518","HOU",-1,"222",-110,-110,0.523809523809524,0.523809523809524,"1612624781.87521"
"18664","San Antonio","Houston",2021,"401267518","HOU",-1,"222",-110,-110,0.523809523809524,0.523809523809524,"1612624781.87521"
"18664","Minnesota","Oklahoma City",2021,"401267519","OKC",-1,"218.5",-105,-115,0.51219512195122,0.534883720930233,"1612624781.87521"
"18664","Oklahoma City","Minnesota",2021,"401267519","OKC",-1,"218.5",-115,-105,0.534883720930233,0.51219512195122,"1612624781.87521"
"18664","Dallas","Golden State",2021,"401267520","DAL",-4,"231.5",-165,145,0.622641509433962,0.408163265306122,"1612624781.87521"
"18664","Golden State","Dallas",2021,"401267520","DAL",-4,"231.5",145,-165,0.408163265306122,0.622641509433962,"1612624781.87521"
"18664","New York","Portland",2021,"401267511","POR",-1,"214",-105,-115,0.51219512195122,0.534883720930233,"1612628196.3838"
"18664","Portland","New York",2021,"401267511","POR",-1,"214",-115,-105,0.534883720930233,0.51219512195122,"1612628196.3838"
"18664","Denver","Sacramento",2021,"401267512","DEN",-3.5,"228",-160,140,0.615384615384615,0.416666666666667,"1612628196.3838"
"18664","Sacramento","Denver",2021,"401267512","DEN",-3.5,"228",140,-160,0.416666666666667,0.615384615384615,"1612628196.3838"
"18664","Chicago","Orlando",2021,"401267513","CHI",-1,"224.5",-120,100,0.545454545454545,0.5,"1612628196.3838"
"18664","Orlando","Chicago",2021,"401267513","CHI",-1,"224.5",100,-120,0.5,0.545454545454545,"1612628196.3838"
"18664","Brooklyn","Philadelphia",2021,"401267514","PHI",-3.5,"237.5",145,-165,0.408163265306122,0.622641509433962,"1612628196.3838"
"18664","Philadelphia","Brooklyn",2021,"401267514","PHI",-3.5,"237.5",-165,145,0.622641509433962,0.408163265306122,"1612628196.3838"
"18664","Memphis","New Orleans",2021,"401267515","NO",-1.5,"226",100,-120,0.5,0.545454545454545,"1612628196.3838"
"18664","New Orleans","Memphis",2021,"401267515","NO",-1.5,"226",-120,100,0.545454545454545,0.5,"1612628196.3838"
"18664","Atlanta","Toronto",2021,"401267516","TOR",-4.5,"222.5",170,-190,0.37037037037037,0.655172413793103,"1612628196.3838"
"18664","Toronto","Atlanta",2021,"401267516","TOR",-4.5,"222.5",-190,170,0.655172413793103,0.37037037037037,"1612628196.3838"
"18664","Cleveland","Milwaukee",2021,"401267517","MIL",-10.5,"228",450,-600,0.181818181818182,0.857142857142857,"1612628196.3838"
"18664","Milwaukee","Cleveland",2021,"401267517","MIL",-10.5,"228",-600,450,0.857142857142857,0.181818181818182,"1612628196.3838"
"18664","Houston","San Antonio",2021,"401267518","SA",-1,"223.5",-105,-115,0.51219512195122,0.534883720930233,"1612628196.3838"
"18664","San Antonio","Houston",2021,"401267518","SA",-1,"223.5",-115,-105,0.534883720930233,0.51219512195122,"1612628196.3838"
"18664","Minnesota","Oklahoma City",2021,"401267519","OKC",-1,"218.5",-105,-115,0.51219512195122,0.534883720930233,"1612628196.3838"
"18664","Oklahoma City","Minnesota",2021,"401267519","OKC",-1,"218.5",-115,-105,0.534883720930233,0.51219512195122,"1612628196.3838"
"18664","Dallas","Golden State",2021,"401267520","DAL",-4,"231.5",-165,145,0.622641509433962,0.408163265306122,"1612628196.3838"
"18664","Golden State","Dallas",2021,"401267520","DAL",-4,"231.5",145,-165,0.408163265306122,0.622641509433962,"1612628196.3838"
"18665","Sacramento","LA",2021,"401267526","LAC",-8,"228",295,-355,0.253164556962025,0.78021978021978,"1612725284.48049"
"18665","Charlotte","Washington",2021,"401267527","LAC",-8,"228",-355,295,0.78021978021978,0.253164556962025,"1612725284.48049"
"18666","Toronto","Memphis",2021,"401267529","TOR",-2.5,"223.5",-140,120,0.583333333333333,0.454545454545455,"1612737979.07668"
"18666","Dallas","Minnesota",2021,"401267530","TOR",-2.5,"223.5",120,-140,0.454545454545455,0.583333333333333,"1612737979.07668"
"18667","Brooklyn","Detroit",2021,"401267535","BKN",-8,"232",-350,290,0.777777777777778,0.256410256410256,"1612880411.93506"
"18667","Detroit","Brooklyn",2021,"401267535","BKN",-8,"232",290,-350,0.256410256410256,0.777777777777778,"1612880411.93506"
"18667","Miami","New York",2021,"401267536","MIA",-5.5,"207.5",-220,190,0.6875,0.344827586206897,"1612880411.93506"
"18667","New York","Miami",2021,"401267536","MIA",-5.5,"207.5",190,-220,0.344827586206897,0.6875,"1612880411.93506"
"18667","Houston","New Orleans",2021,"401267537","NO",-5.5,"222.5",190,-220,0.344827586206897,0.6875,"1612880411.93506"
"18667","New Orleans","Houston",2021,"401267537","NO",-5.5,"222.5",-220,190,0.6875,0.344827586206897,"1612880411.93506"
"18667","Golden State","San Antonio",2021,"401267538","SA",-1,"231",-105,-115,0.51219512195122,0.534883720930233,"1612880411.93506"
"18667","San Antonio","Golden State",2021,"401267538","SA",-1,"231",-115,-105,0.534883720930233,0.51219512195122,"1612880411.93506"
"18667","Boston","Utah",2021,"401267539","UTAH",-5.5,"220.5",175,-200,0.363636363636364,0.666666666666667,"1612880411.93506"
"18667","Utah","Boston",2021,"401267539","UTAH",-5.5,"220.5",-200,175,0.666666666666667,0.363636363636364,"1612880411.93506"
"18667","Orlando","Portland",2021,"401267540","POR",-5.5,"223",185,-215,0.350877192982456,0.682539682539683,"1612880411.93506"
"18667","Portland","Orlando",2021,"401267540","POR",-5.5,"223",-215,185,0.682539682539683,0.350877192982456,"1612880411.93506"
"18667","Philadelphia","Sacramento",2021,"401267541","PHI",-5,"232.5",-200,175,0.666666666666667,0.363636363636364,"1612880411.93506"
"18667","Sacramento","Philadelphia",2021,"401267541","PHI",-5,"232.5",175,-200,0.363636363636364,0.666666666666667,"1612880411.93506"
"18668","Toronto","Washington",2021,"401267542","TOR",-5.5,"231.5",-220,190,0.6875,0.344827586206897,"1612967091.01266"
"18668","Washington","Toronto",2021,"401267542","TOR",-5.5,"231.5",190,-220,0.344827586206897,0.6875,"1612967091.01266"
"18668","Brooklyn","Indiana",2021,"401267543","BKN",-2,"234",-130,110,0.565217391304348,0.476190476190476,"1612967091.01266"
"18668","Indiana","Brooklyn",2021,"401267543","BKN",-2,"234",110,-130,0.476190476190476,0.565217391304348,"1612967091.01266"
"18668","Atlanta","Dallas",2021,"401267544","DAL",-4,"232",155,-175,0.392156862745098,0.636363636363636,"1612967091.01266"
"18668","Dallas","Atlanta",2021,"401267544","DAL",-4,"232",-175,155,0.636363636363636,0.392156862745098,"1612967091.01266"
"18668","Chicago","New Orleans",2021,"401267545","NO",-3,"230",125,-145,0.444444444444444,0.591836734693878,"1612967091.01266"
"18668","New Orleans","Chicago",2021,"401267545","NO",-3,"230",-145,125,0.591836734693878,0.444444444444444,"1612967091.01266"
"18668","Charlotte","Memphis",2021,"401267546","MEM",-4,"225",155,-175,0.392156862745098,0.636363636363636,"1612967091.01266"
"18668","Memphis","Charlotte",2021,"401267546","MEM",-4,"225",-175,155,0.636363636363636,0.392156862745098,"1612967091.01266"
"18668","LA","Minnesota",2021,"401267547","LAC",-10.5,"225",-550,425,0.846153846153846,0.19047619047619,"1612967091.01266"
"18668","Minnesota","LA",2021,"401267547","LAC",-10.5,"225",425,-550,0.19047619047619,0.846153846153846,"1612967091.01266"
"18668","Cleveland","Denver",2021,"401267548","DEN",-9.5,"220.5",380,-475,0.208333333333333,0.826086956521739,"1612967091.01266"
"18668","Denver","Cleveland",2021,"401267548","DEN",-9.5,"220.5",-475,380,0.826086956521739,0.208333333333333,"1612967091.01266"
"18668","Milwaukee","Phoenix",2021,"401267549","MIL",-4.5,"226.5",-190,170,0.655172413793103,0.37037037037037,"1612967091.01266"
"18668","Phoenix","Milwaukee",2021,"401267549","MIL",-4.5,"226.5",170,-190,0.37037037037037,0.655172413793103,"1612967091.01266"
"18668","Los Angeles","Oklahoma City",2021,"401267550","LAL",-11.5,"218.5",-650,475,0.866666666666667,0.173913043478261,"1612967091.01266"
"18668","Oklahoma City","Los Angeles",2021,"401267550","LAL",-11.5,"218.5",475,-650,0.173913043478261,0.866666666666667,"1612967091.01266"
"18669","Detroit","Indiana",2021,"401267551","IND",-3,"219",125,-145,0.444444444444444,0.591836734693878,"1613037246.00158"
"18669","Indiana","Detroit",2021,"401267551","IND",-3,"219",-145,125,0.591836734693878,0.444444444444444,"1613037246.00158"
"18669","Philadelphia","Portland",2021,"401267554","PHI",-5.5,"229.5",-215,185,0.682539682539683,0.350877192982456,"1613037246.00158"
"18669","Portland","Philadelphia",2021,"401267554","PHI",-5.5,"229.5",185,-215,0.350877192982456,0.682539682539683,"1613037246.00158"
"18669","Detroit","Indiana",2021,"401267551","IND",-3,"219",125,-145,0.444444444444444,0.591836734693878,"1613054905.04401"
"18669","Indiana","Detroit",2021,"401267551","IND",-3,"219",-145,125,0.591836734693878,0.444444444444444,"1613054905.04401"
"18669","Houston","Miami",2021,"401267552","MIA",-2,"217.5",110,-130,0.476190476190476,0.565217391304348,"1613054905.04401"
"18669","Miami","Houston",2021,"401267552","MIA",-2,"217.5",-130,110,0.565217391304348,0.476190476190476,"1613054905.04401"
"18669","Golden State","Orlando",2021,"401267553","GS",-7.5,"224",-300,250,0.75,0.285714285714286,"1613054905.04401"
"18669","Orlando","Golden State",2021,"401267553","GS",-7.5,"224",250,-300,0.285714285714286,0.75,"1613054905.04401"
"18669","Philadelphia","Portland",2021,"401267554","PHI",-5.5,"230.5",-215,185,0.682539682539683,0.350877192982456,"1613054905.04401"
"18669","Portland","Philadelphia",2021,"401267554","PHI",-5.5,"230.5",185,-215,0.350877192982456,0.682539682539683,"1613054905.04401"
"18669","Boston","Toronto",2021,"401267558","BOS",-3,"223",-150,130,0.6,0.434782608695652,"1613054905.04401"
"18669","Toronto","Boston",2021,"401267558","BOS",-3,"223",130,-150,0.434782608695652,0.6,"1613054905.04401"
"18670","Charlotte","Minnesota",2021,"401267555","CHA",-4.5,"227.5",-185,165,0.649122807017544,0.377358490566038,"1613138819.76699"
"18670","Minnesota","Charlotte",2021,"401267555","CHA",-4.5,"227.5",165,-185,0.377358490566038,0.649122807017544,"1613138819.76699"
"18670","New York","Washington",2021,"401267556","NY",-3.5,"218.5",-165,145,0.622641509433962,0.408163265306122,"1613138819.76699"
"18670","Washington","New York",2021,"401267556","NY",-3.5,"218.5",145,-165,0.408163265306122,0.622641509433962,"1613138819.76699"
"18670","Atlanta","San Antonio",2021,"401267557","ATL",-1.5,"227.5",-120,100,0.545454545454545,0.5,"1613138819.76699"
"18670","San Antonio","Atlanta",2021,"401267557","ATL",-1.5,"227.5",100,-120,0.5,0.545454545454545,"1613138819.76699"
"18670","Dallas","New Orleans",2021,"401267559","DAL",-3,"233.5",-150,130,0.6,0.434782608695652,"1613138819.76699"
"18670","New Orleans","Dallas",2021,"401267559","DAL",-3,"233.5",130,-150,0.434782608695652,0.6,"1613138819.76699"
"18670","Chicago","LA",2021,"401267560","LAC",-7.5,"228.5",235,-275,0.298507462686567,0.733333333333333,"1613138819.76699"
"18670","LA","Chicago",2021,"401267560","LAC",-7.5,"228.5",-275,235,0.733333333333333,0.298507462686567,"1613138819.76699"
"18670","Denver","Oklahoma City",2021,"401267561","DEN",-12,"223.5",-700,500,0.875,0.166666666666667,"1613138819.76699"
"18670","Oklahoma City","Denver",2021,"401267561","DEN",-12,"223.5",500,-700,0.166666666666667,0.875,"1613138819.76699"
"18670","Milwaukee","Utah",2021,"401267562","UTAH",-1.5,"232.5",105,-125,0.48780487804878,0.555555555555556,"1613138819.76699"
"18670","Utah","Milwaukee",2021,"401267562","UTAH",-1.5,"232.5",-125,105,0.555555555555556,0.48780487804878,"1613138819.76699"
"18670","Los Angeles","Memphis",2021,"401267563","LAL",-8,"218.5",-325,265,0.764705882352941,0.273972602739726,"1613138819.76699"
"18670","Memphis","Los Angeles",2021,"401267563","LAL",-8,"218.5",265,-325,0.273972602739726,0.764705882352941,"1613138819.76699"
"18670","Cleveland","Portland",2021,"401267564","POR",-4.5,"222",165,-185,0.377358490566038,0.649122807017544,"1613138819.76699"
"18670","Portland","Cleveland",2021,"401267564","POR",-4.5,"222",-185,165,0.649122807017544,0.377358490566038,"1613138819.76699"
"18670","Orlando","Sacramento",2021,"401267565","SAC",-8,"223.5",265,-325,0.273972602739726,0.764705882352941,"1613138819.76699"
"18670","Sacramento","Orlando",2021,"401267565","SAC",-8,"223.5",-325,265,0.764705882352941,0.273972602739726,"1613138819.76699"
"18670","Boston","Detroit",2021,"401267572","BOS",-7.5,"219.5",-345,285,0.775280898876405,0.25974025974026,"1613138819.76699"
"18670","Detroit","Boston",2021,"401267572","BOS",-7.5,"219.5",285,-345,0.25974025974026,0.775280898876405,"1613138819.76699"
"18671","Philadelphia","Phoenix",2021,"401267566","PHI",-1,"222",-115,-105,0.534883720930233,0.51219512195122,"1613239808.96116"
"18671","Phoenix","Philadelphia",2021,"401267566","PHI",-1,"222",-105,-115,0.51219512195122,0.534883720930233,"1613239808.96116"
"18671","Atlanta","Indiana",2021,"401267567","IND",-1.5,"224.5",100,-120,0.5,0.545454545454545,"1613239808.96116"
"18671","Indiana","Atlanta",2021,"401267567","IND",-1.5,"224.5",-120,100,0.545454545454545,0.5,"1613239808.96116"
"18672","Dallas","Portland",2021,"401267571","DAL",-5,"236",-200,175,0.666666666666667,0.363636363636364,"1613324004.84089"
"18672","Portland","Dallas",2021,"401267571","DAL",-5,"236",175,-200,0.363636363636364,0.666666666666667,"1613324004.84089"
"18672","Minnesota","Toronto",2021,"401267573","TOR",-8,"229.5",295,-355,0.253164556962025,0.78021978021978,"1613324004.84089"
"18672","Toronto","Minnesota",2021,"401267573","TOR",-8,"229.5",-355,295,0.78021978021978,0.253164556962025,"1613324004.84089"
"18672","Charlotte","San Antonio",2021,"401267574","SA",-2,"228.5",110,-130,0.476190476190476,0.565217391304348,"1613324004.84089"
"18672","San Antonio","Charlotte",2021,"401267574","SA",-2,"228.5",-130,110,0.565217391304348,0.476190476190476,"1613324004.84089"
"18672","Milwaukee","Oklahoma City",2021,"401267575","MIL",-11.5,"228.5",-900,600,0.9,0.142857142857143,"1613324004.84089"
"18672","Oklahoma City","Milwaukee",2021,"401267575","MIL",-11.5,"228.5",600,-900,0.142857142857143,0.9,"1613324004.84089"
"18672","Denver","Los Angeles",2021,"401267576","LAL",-3,"217",130,-150,0.434782608695652,0.6,"1613324004.84089"
"18672","Los Angeles","Denver",2021,"401267576","LAL",-3,"217",-150,130,0.6,0.434782608695652,"1613324004.84089"
"18672","Orlando","Phoenix",2021,"401267577","PHX",-10,"214",450,-600,0.181818181818182,0.857142857142857,"1613324004.84089"
"18672","Phoenix","Orlando",2021,"401267577","PHX",-10,"214",-600,450,0.857142857142857,0.181818181818182,"1613324004.84089"
"18672","Memphis","Sacramento",2021,"401267578","MEM",-1,"229",-115,-105,0.534883720930233,0.51219512195122,"1613324004.84089"
"18672","Sacramento","Memphis",2021,"401267578","MEM",-1,"229",-105,-115,0.51219512195122,0.534883720930233,"1613324004.84089"
"18672","Cleveland","LA",2021,"401267579","LAC",-11.5,"221",550,-800,0.153846153846154,0.888888888888889,"1613324004.84089"
"18672","LA","Cleveland",2021,"401267579","LAC",-11.5,"221",-800,550,0.888888888888889,0.153846153846154,"1613324004.84089"
"18672","Boston","Washington",2021,"401282752","BOS",-7,"230.5",-290,245,0.743589743589744,0.289855072463768,"1613324004.84089"
"18672","Washington","Boston",2021,"401282752","BOS",-7,"230.5",245,-290,0.289855072463768,0.743589743589744,"1613324004.84089"
"18672","Detroit","New Orleans",2021,"401282833","NO",-4.5,"220.5",165,-185,0.377358490566038,0.649122807017544,"1613324004.84089"
"18672","New Orleans","Detroit",2021,"401282833","NO",-4.5,"220.5",-185,165,0.649122807017544,0.377358490566038,"1613324004.84089"
"18673","Chicago","Indiana",2021,"401267580","IND",-5.5,"228.5",190,-220,0.344827586206897,0.6875,"1613382937.77671"
"18673","Indiana","Chicago",2021,"401267580","IND",-5.5,"228.5",-220,190,0.6875,0.344827586206897,"1613382937.77671"
"18673","Atlanta","New York",2021,"401267582","ATL",-1.5,"216.5",-120,100,0.545454545454545,0.5,"1613382937.77671"
"18673","New York","Atlanta",2021,"401267582","ATL",-1.5,"216.5",100,-120,0.5,0.545454545454545,"1613382937.77671"
"18673","Cleveland","Golden State",2021,"401267584","GS",-8,"224.5",290,-350,0.256410256410256,0.777777777777778,"1613382937.77671"
"18673","Golden State","Cleveland",2021,"401267584","GS",-8,"224.5",-350,290,0.777777777777778,0.256410256410256,"1613382937.77671"
"18673","Chicago","Indiana",2021,"401267580","IND",-5.5,"227.5",190,-220,0.344827586206897,0.6875,"1613400239.88516"
"18673","Indiana","Chicago",2021,"401267580","IND",-5.5,"227.5",-220,190,0.6875,0.344827586206897,"1613400239.88516"
"18673","Houston","Washington",2021,"401267581","HOU",-1,"228",-120,100,0.545454545454545,0.5,"1613400239.88516"
"18673","Washington","Houston",2021,"401267581","HOU",-1,"228",100,-120,0.5,0.545454545454545,"1613400239.88516"
"18673","Atlanta","New York",2021,"401267582","ATL",-2,"216.5",-130,110,0.565217391304348,0.476190476190476,"1613400239.88516"
"18673","New York","Atlanta",2021,"401267582","ATL",-2,"216.5",110,-130,0.476190476190476,0.565217391304348,"1613400239.88516"
"18673","Philadelphia","Utah",2021,"401267583","UTAH",-7.5,"226.5",270,-330,0.27027027027027,0.767441860465116,"1613400239.88516"
"18673","Utah","Philadelphia",2021,"401267583","UTAH",-7.5,"226.5",-330,270,0.767441860465116,0.27027027027027,"1613400239.88516"
"18673","Cleveland","Golden State",2021,"401267584","GS",-8.5,"225",320,-400,0.238095238095238,0.8,"1613400239.88516"
"18673","Golden State","Cleveland",2021,"401267584","GS",-8.5,"225",-400,320,0.8,0.238095238095238,"1613400239.88516"
"18673","LA","Miami",2021,"401267585","LAC",-3.5,"219",-165,145,0.622641509433962,0.408163265306122,"1613400239.88516"
"18673","Miami","LA",2021,"401267585","LAC",-3.5,"219",145,-165,0.408163265306122,0.622641509433962,"1613400239.88516"
"18673","Brooklyn","Sacramento",2021,"401267586","BKN",-4,"239",-175,155,0.636363636363636,0.392156862745098,"1613400239.88516"
"18673","Sacramento","Brooklyn",2021,"401267586","BKN",-4,"239",155,-175,0.392156862745098,0.636363636363636,"1613400239.88516"
"18673","Chicago","Indiana",2021,"401267580","IND",-5.5,"225",190,-220,0.344827586206897,0.6875,"1613424954.72927"
"18673","Indiana","Chicago",2021,"401267580","IND",-5.5,"225",-220,190,0.6875,0.344827586206897,"1613424954.72927"
"18673","Houston","Washington",2021,"401267581","HOU",-1.5,"231.5",-125,105,0.555555555555556,0.48780487804878,"1613424954.72927"
"18673","Washington","Houston",2021,"401267581","HOU",-1.5,"231.5",105,-125,0.48780487804878,0.555555555555556,"1613424954.72927"
"18673","Atlanta","New York",2021,"401267582","ATL",-2,"218.5",-130,110,0.565217391304348,0.476190476190476,"1613424954.72927"
"18673","New York","Atlanta",2021,"401267582","ATL",-2,"218.5",110,-130,0.476190476190476,0.565217391304348,"1613424954.72927"
"18673","Philadelphia","Utah",2021,"401267583","UTAH",-7.5,"225.5",250,-300,0.285714285714286,0.75,"1613424954.72927"
"18673","Utah","Philadelphia",2021,"401267583","UTAH",-7.5,"225.5",-300,250,0.75,0.285714285714286,"1613424954.72927"
"18673","Cleveland","Golden State",2021,"401267584","GS",-9.5,"227.5",360,-440,0.217391304347826,0.814814814814815,"1613424954.72927"
"18673","Golden State","Cleveland",2021,"401267584","GS",-9.5,"227.5",-440,360,0.814814814814815,0.217391304347826,"1613424954.72927"
"18673","LA","Miami",2021,"401267585","LAC",-3.5,"216",-165,145,0.622641509433962,0.408163265306122,"1613424954.72927"
"18673","Miami","LA",2021,"401267585","LAC",-3.5,"216",145,-165,0.408163265306122,0.622641509433962,"1613424954.72927"
"18673","Brooklyn","Sacramento",2021,"401267586","BKN",-4,"243",-175,155,0.636363636363636,0.392156862745098,"1613424954.72927"
"18673","Sacramento","Brooklyn",2021,"401267586","BKN",-4,"243",155,-175,0.392156862745098,0.636363636363636,"1613424954.72927"
"18675","New Orleans","Portland",2021,"401267601","NO",-3,"231.5",-150,130,0.6,0.434782608695652,"1613534752.61972"
"18675","Portland","New Orleans",2021,"401267601","NO",-3,"231.5",130,-150,0.434782608695652,0.6,"1613534752.61972"
"18675","New Orleans","Portland",2021,"401267601","NO",-3,"231.5",-145,125,0.591836734693878,0.444444444444444,"1613555796.91669"
"18675","Portland","New Orleans",2021,"401267601","NO",-3,"231.5",125,-145,0.444444444444444,0.591836734693878,"1613555796.91669"
"18675","New York","Orlando",2021,"401267596","NY",-4,"209.5",-165,145,0.622641509433962,0.408163265306122,"1613579459.86337"
"18675","Orlando","New York",2021,"401267596","NY",-4,"209.5",145,-165,0.408163265306122,0.622641509433962,"1613579459.86337"
"18675","Denver","Washington",2021,"401267597","DEN",-3.5,"234",-160,140,0.615384615384615,0.416666666666667,"1613579459.86337"
"18675","Washington","Denver",2021,"401267597","DEN",-3.5,"234",140,-160,0.416666666666667,0.615384615384615,"1613579459.86337"
"18675","Atlanta","Boston",2021,"401267598","BOS",-3,"224",130,-150,0.434782608695652,0.6,"1613579459.86337"
"18675","Boston","Atlanta",2021,"401267598","BOS",-3,"224",-150,130,0.6,0.434782608695652,"1613579459.86337"
"18675","Houston","Philadelphia",2021,"401267599","PHI",-10.5,"226.5",475,-650,0.173913043478261,0.866666666666667,"1613579459.86337"
"18675","Philadelphia","Houston",2021,"401267599","PHI",-10.5,"226.5",-650,475,0.866666666666667,0.173913043478261,"1613579459.86337"
"18675","Indiana","Minnesota",2021,"401267600","IND",-5.5,"225.5",-200,175,0.666666666666667,0.363636363636364,"1613579459.86337"
"18675","Minnesota","Indiana",2021,"401267600","IND",-5.5,"225.5",175,-200,0.363636363636364,0.666666666666667,"1613579459.86337"
"18675","New Orleans","Portland",2021,"401267601","NO",-3,"237",-145,125,0.591836734693878,0.444444444444444,"1613579459.86337"
"18675","Portland","New Orleans",2021,"401267601","NO",-3,"237",125,-145,0.444444444444444,0.591836734693878,"1613579459.86337"
"18675","Golden State","Miami",2021,"401267603","GS",-1,"223",-120,100,0.545454545454545,0.5,"1613579459.86337"
"18675","Miami","Golden State",2021,"401267603","GS",-1,"223",100,-120,0.5,0.545454545454545,"1613579459.86337"
"18675","LA","Utah",2021,"401267604","UTAH",-3.5,"227",140,-160,0.416666666666667,0.615384615384615,"1613579459.86337"
"18675","Utah","LA",2021,"401267604","UTAH",-3.5,"227",-160,140,0.615384615384615,0.416666666666667,"1613579459.86337"
"18675","Memphis","Oklahoma City",2021,"401283399","MEM",-7,"225",-275,235,0.733333333333333,0.298507462686567,"1613579459.86337"
"18675","Oklahoma City","Memphis",2021,"401283399","MEM",-7,"225",235,-275,0.298507462686567,0.733333333333333,"1613579459.86337"
"18675","Chicago","Detroit",2021,"401299015","CHI",-3,"220.5",-150,130,0.6,0.434782608695652,"1613579459.86337"
"18675","Detroit","Chicago",2021,"401299015","CHI",-3,"220.5",130,-150,0.434782608695652,0.6,"1613579459.86337"
"18676","Miami","Sacramento",2021,"401267607","MIA",-1.5,"223.5",-120,100,0.545454545454545,0.5,"1613642215.20473"
"18676","Sacramento","Miami",2021,"401267607","MIA",-1.5,"223.5",100,-120,0.5,0.545454545454545,"1613642215.20473"
"18676","Milwaukee","Toronto",2021,"401267605","MIL",-7.5,"234",-300,250,0.75,0.285714285714286,"1613695333.00048"
"18676","Toronto","Milwaukee",2021,"401267605","MIL",-7.5,"234",250,-300,0.285714285714286,0.75,"1613695333.00048"
"18676","Brooklyn","Los Angeles",2021,"401267606","LAL",-3,"230",130,-150,0.434782608695652,0.6,"1613695333.00048"
"18676","Los Angeles","Brooklyn",2021,"401267606","LAL",-3,"230",-150,130,0.6,0.434782608695652,"1613695333.00048"
"18677","Golden State","Orlando",2021,"401267609","GS",-4,"224",-165,145,0.622641509433962,0.408163265306122,"1613756008.80059"
"18677","Orlando","Golden State",2021,"401267609","GS",-4,"224",145,-165,0.408163265306122,0.622641509433962,"1613756008.80059"
"18677","Chicago","Philadelphia",2021,"401267610","PHI",-8,"228.5",285,-345,0.25974025974026,0.775280898876405,"1613756008.80059"
"18677","Philadelphia","Chicago",2021,"401267610","PHI",-8,"228.5",-345,285,0.775280898876405,0.25974025974026,"1613756008.80059"
"18677","Atlanta","Boston",2021,"401267611","BOS",-4,"225.5",155,-175,0.392156862745098,0.636363636363636,"1613756008.80059"
"18677","Boston","Atlanta",2021,"401267611","BOS",-4,"225.5",-175,155,0.636363636363636,0.392156862745098,"1613756008.80059"
"18677","Detroit","Memphis",2021,"401267612","MEM",-4.5,"220.5",165,-185,0.377358490566038,0.649122807017544,"1613756008.80059"
"18677","Memphis","Detroit",2021,"401267612","MEM",-4.5,"220.5",-185,165,0.649122807017544,0.377358490566038,"1613756008.80059"
"18677","Milwaukee","Oklahoma City",2021,"401267613","MIL",-10.5,"231.5",-750,500,0.882352941176471,0.166666666666667,"1613756008.80059"
"18677","Oklahoma City","Milwaukee",2021,"401267613","MIL",-10.5,"231.5",500,-750,0.166666666666667,0.882352941176471,"1613756008.80059"
"18677","Minnesota","Toronto",2021,"401267614","TOR",-2.5,"226",125,-145,0.444444444444444,0.591836734693878,"1613756008.80059"
"18677","Toronto","Minnesota",2021,"401267614","TOR",-2.5,"226",-145,125,0.591836734693878,0.444444444444444,"1613756008.80059"
"18677","New Orleans","Phoenix",2021,"401267615","PHX",-3.5,"230.5",145,-165,0.408163265306122,0.622641509433962,"1613756008.80059"
"18677","Phoenix","New Orleans",2021,"401267615","PHX",-3.5,"230.5",-165,145,0.622641509433962,0.408163265306122,"1613756008.80059"
"18677","LA","Utah",2021,"401267617","UTAH",-4,"224.5",155,-175,0.392156862745098,0.636363636363636,"1613756008.80059"
"18677","Utah","LA",2021,"401267617","UTAH",-4,"224.5",-175,155,0.636363636363636,0.392156862745098,"1613756008.80059"
"18677","Cleveland","Denver",2021,"401297409","DEN",-8.5,"226",290,-350,0.256410256410256,0.777777777777778,"1613756008.80059"
"18677","Denver","Cleveland",2021,"401297409","DEN",-8.5,"226",-350,290,0.777777777777778,0.256410256410256,"1613756008.80059"
"18678","Chicago","Sacramento",2021,"401267620","SAC",-2.5,"--",120,-140,0.454545454545455,0.583333333333333,"1613815618.28409"
"18678","Sacramento","Chicago",2021,"401267620","SAC",-2.5,"--",-140,120,0.583333333333333,0.454545454545455,"1613815618.28409"
"18678","Los Angeles","Miami",2021,"401267623","LAL",-3.5,"212.5",-160,140,0.615384615384615,0.416666666666667,"1613815618.28409"
"18678","Miami","Los Angeles",2021,"401267623","LAL",-3.5,"212.5",140,-160,0.416666666666667,0.615384615384615,"1613815618.28409"
"18678","Portland","Washington",2021,"401267624","POR",-3.5,"242",-165,145,0.622641509433962,0.408163265306122,"1613815618.28409"
"18678","Washington","Portland",2021,"401267624","POR",-3.5,"242",145,-165,0.408163265306122,0.622641509433962,"1613815618.28409"
"18679","Boston","New Orleans",2021,"401267625","BOS",-2.5,"232.5",-140,120,0.583333333333333,0.454545454545455,"1613901362.39468"
"18679","New Orleans","Boston",2021,"401267625","BOS",-2.5,"232.5",120,-140,0.454545454545455,0.583333333333333,"1613901362.39468"
"18679","Cleveland","Oklahoma City",2021,"401267626","OKC",-2,"--",110,-130,0.476190476190476,0.565217391304348,"1613901362.39468"
"18679","Oklahoma City","Cleveland",2021,"401267626","OKC",-2,"--",-130,110,0.565217391304348,0.476190476190476,"1613901362.39468"
"18679","Detroit","Orlando",2021,"401267627","ORL",-2,"211.5",110,-130,0.476190476190476,0.565217391304348,"1613901362.39468"
"18679","Orlando","Detroit",2021,"401267627","ORL",-2,"211.5",-130,110,0.565217391304348,0.476190476190476,"1613901362.39468"
"18679","Minnesota","New York",2021,"401267629","NY",-2.5,"214.5",120,-140,0.454545454545455,0.583333333333333,"1613901362.39468"
"18679","New York","Minnesota",2021,"401267629","NY",-2.5,"214.5",-140,120,0.583333333333333,0.454545454545455,"1613901362.39468"
"18679","Atlanta","Denver",2021,"401267630","DEN",-3,"229.5",125,-145,0.444444444444444,0.591836734693878,"1613901362.39468"
"18679","Denver","Atlanta",2021,"401267630","DEN",-3,"229.5",-145,125,0.591836734693878,0.444444444444444,"1613901362.39468"
"18679","Brooklyn","LA",2021,"401267632","LAC",-5.5,"240",185,-215,0.350877192982456,0.682539682539683,"1613901362.39468"
"18679","LA","Brooklyn",2021,"401267632","LAC",-5.5,"240",-215,185,0.682539682539683,0.350877192982456,"1613901362.39468"
"18679","Cleveland","Oklahoma City",2021,"401267626","OKC",-2.5,"219.5",125,-145,0.444444444444444,0.591836734693878,"1613941635.54227"
"18679","Oklahoma City","Cleveland",2021,"401267626","OKC",-2.5,"219.5",-145,125,0.591836734693878,0.444444444444444,"1613941635.54227"
"18679","Detroit","Orlando",2021,"401267627","ORL",-3,"211",130,-150,0.434782608695652,0.6,"1613941635.54227"
"18679","Orlando","Detroit",2021,"401267627","ORL",-3,"211",-150,130,0.6,0.434782608695652,"1613941635.54227"
"18679","Philadelphia","Toronto",2021,"401267628","PHI",-3,"222.5",-150,130,0.6,0.434782608695652,"1613941635.54227"
"18679","Toronto","Philadelphia",2021,"401267628","PHI",-3,"222.5",130,-150,0.434782608695652,0.6,"1613941635.54227"
"18679","Minnesota","New York",2021,"401267629","NY",-3,"216.5",140,-160,0.416666666666667,0.615384615384615,"1613941635.54227"
"18679","New York","Minnesota",2021,"401267629","NY",-3,"216.5",-160,140,0.615384615384615,0.416666666666667,"1613941635.54227"
"18679","Atlanta","Denver",2021,"401267630","DEN",-2.5,"232.5",120,-140,0.454545454545455,0.583333333333333,"1613941635.54227"
"18679","Denver","Atlanta",2021,"401267630","DEN",-2.5,"232.5",-140,120,0.583333333333333,0.454545454545455,"1613941635.54227"
"18679","Milwaukee","Sacramento",2021,"401267631","MIL",-10,"238.5",-550,425,0.846153846153846,0.19047619047619,"1613941635.54227"
"18679","Sacramento","Milwaukee",2021,"401267631","MIL",-10,"238.5",425,-550,0.19047619047619,0.846153846153846,"1613941635.54227"
"18679","Brooklyn","LA",2021,"401267632","LAC",-6.5,"235.5",225,-265,0.307692307692308,0.726027397260274,"1613941635.54227"
"18679","LA","Brooklyn",2021,"401267632","LAC",-6.5,"235.5",-265,225,0.726027397260274,0.307692307692308,"1613941635.54227"
"18680","Chicago","Houston",2021,"401267634","HOU",-1,"--",-105,-115,0.51219512195122,0.534883720930233,"1613987853.26902"
"18680","Houston","Chicago",2021,"401267634","HOU",-1,"--",-115,-105,0.534883720930233,0.51219512195122,"1613987853.26902"
"18680","Dallas","Memphis",2021,"401267636","DAL",-5,"--",-200,175,0.666666666666667,0.363636363636364,"1613987853.26902"
"18680","Memphis","Dallas",2021,"401267636","DAL",-5,"--",175,-200,0.363636363636364,0.666666666666667,"1613987853.26902"
"18680","Phoenix","Portland",2021,"401267637","PHX",-6.5,"229",-250,210,0.714285714285714,0.32258064516129,"1613987853.26902"
"18680","Portland","Phoenix",2021,"401267637","PHX",-6.5,"229",210,-250,0.32258064516129,0.714285714285714,"1613987853.26902"
"18680","Charlotte","Utah",2021,"401267638","UTAH",-12,"228",575,-850,0.148148148148148,0.894736842105263,"1613987853.26902"
"18680","Utah","Charlotte",2021,"401267638","UTAH",-12,"228",-850,575,0.894736842105263,0.148148148148148,"1613987853.26902"
"18680","Los Angeles","Washington",2021,"401267639","LAL",-6.5,"225.5",-260,220,0.722222222222222,0.3125,"1613987853.26902"
"18680","Washington","Los Angeles",2021,"401267639","LAL",-6.5,"225.5",220,-260,0.3125,0.722222222222222,"1613987853.26902"
"18680","Chicago","Houston",2021,"401267634","CHI",-1,"227",-115,-105,0.534883720930233,0.51219512195122,"1614019348.34319"
"18680","Houston","Chicago",2021,"401267634","CHI",-1,"227",-105,-115,0.51219512195122,0.534883720930233,"1614019348.34319"
"18680","Miami","Oklahoma City",2021,"401267635","MIA",-6.5,"212",-270,230,0.72972972972973,0.303030303030303,"1614019348.34319"
"18680","Oklahoma City","Miami",2021,"401267635","MIA",-6.5,"212",230,-270,0.303030303030303,0.72972972972973,"1614019348.34319"
"18680","Dallas","Memphis",2021,"401267636","DAL",-5.5,"232.5",-220,190,0.6875,0.344827586206897,"1614019348.34319"
"18680","Memphis","Dallas",2021,"401267636","DAL",-5.5,"232.5",190,-220,0.344827586206897,0.6875,"1614019348.34319"
"18680","Phoenix","Portland",2021,"401267637","PHX",-6,"227",-245,205,0.710144927536232,0.327868852459016,"1614019348.34319"
"18680","Portland","Phoenix",2021,"401267637","PHX",-6,"227",205,-245,0.327868852459016,0.710144927536232,"1614019348.34319"
"18680","Charlotte","Utah",2021,"401267638","UTAH",-12.5,"227",625,-950,0.137931034482759,0.904761904761905,"1614019348.34319"
"18680","Utah","Charlotte",2021,"401267638","UTAH",-12.5,"227",-950,625,0.904761904761905,0.137931034482759,"1614019348.34319"
"18680","Los Angeles","Washington",2021,"401267639","LAL",-7,"227",-270,230,0.72972972972973,0.303030303030303,"1614019348.34319"
"18680","Washington","Los Angeles",2021,"401267639","LAL",-7,"227",230,-270,0.303030303030303,0.72972972972973,"1614019348.34319"
"18681","Atlanta","Cleveland",2021,"401267640","ATL",-7,"227.5",-275,235,0.733333333333333,0.298507462686567,"1614074282.68596"
"18681","Cleveland","Atlanta",2021,"401267640","ATL",-7,"227.5",235,-275,0.298507462686567,0.733333333333333,"1614074282.68596"
"18681","Detroit","Orlando",2021,"401267641","ORL",-3,"209",125,-145,0.444444444444444,0.591836734693878,"1614074282.68596"
"18681","Orlando","Detroit",2021,"401267641","ORL",-3,"209",-145,125,0.591836734693878,0.444444444444444,"1614074282.68596"
"18681","Brooklyn","Sacramento",2021,"401267642","BKN",-8,"242",-300,250,0.75,0.285714285714286,"1614074282.68596"
"18681","Sacramento","Brooklyn",2021,"401267642","BKN",-8,"242",250,-300,0.285714285714286,0.75,"1614074282.68596"
"18681","Milwaukee","Minnesota",2021,"401267646","MIL",-11,"229.5",-700,500,0.875,0.166666666666667,"1614074282.68596"
"18681","Minnesota","Milwaukee",2021,"401267646","MIL",-11,"229.5",500,-700,0.166666666666667,0.875,"1614074282.68596"
"18681","Denver","Portland",2021,"401267647","DEN",-8,"230.5",-330,270,0.767441860465116,0.27027027027027,"1614074282.68596"
"18681","Portland","Denver",2021,"401267647","DEN",-8,"230.5",270,-330,0.27027027027027,0.767441860465116,"1614074282.68596"
"18681","Atlanta","Cleveland",2021,"401267640","ATL",-7,"228",-275,235,0.733333333333333,0.298507462686567,"1614087289.93844"
"18681","Cleveland","Atlanta",2021,"401267640","ATL",-7,"228",235,-275,0.298507462686567,0.733333333333333,"1614087289.93844"
"18681","Detroit","Orlando",2021,"401267641","ORL",-3.5,"207.5",145,-165,0.408163265306122,0.622641509433962,"1614087289.93844"
"18681","Orlando","Detroit",2021,"401267641","ORL",-3.5,"207.5",-165,145,0.622641509433962,0.408163265306122,"1614087289.93844"
"18681","Brooklyn","Sacramento",2021,"401267642","BKN",-7.5,"242",-300,250,0.75,0.285714285714286,"1614087289.93844"
"18681","Sacramento","Brooklyn",2021,"401267642","BKN",-7.5,"242",250,-300,0.285714285714286,0.75,"1614087289.93844"
"18681","Golden State","New York",2021,"401267643","GS",-1.5,"215.5",-120,100,0.545454545454545,0.5,"1614087289.93844"
"18681","New York","Golden State",2021,"401267643","GS",-1.5,"215.5",100,-120,0.5,0.545454545454545,"1614087289.93844"
"18681","Philadelphia","Toronto",2021,"401267644","PHI",-1.5,"224.5",-125,105,0.555555555555556,0.48780487804878,"1614087289.93844"
"18681","Toronto","Philadelphia",2021,"401267644","PHI",-1.5,"224.5",105,-125,0.48780487804878,0.555555555555556,"1614087289.93844"
"18681","Boston","Dallas",2021,"401267645","BOS",-1,"225.5",-115,-105,0.534883720930233,0.51219512195122,"1614087289.93844"
"18681","Dallas","Boston",2021,"401267645","BOS",-1,"225.5",-105,-115,0.51219512195122,0.534883720930233,"1614087289.93844"
"18681","Milwaukee","Minnesota",2021,"401267646","MIL",-10.5,"231",-700,500,0.875,0.166666666666667,"1614087289.93844"
"18681","Minnesota","Milwaukee",2021,"401267646","MIL",-10.5,"231",500,-700,0.166666666666667,0.875,"1614087289.93844"
"18681","Denver","Portland",2021,"401267647","DEN",-8,"230.5",-330,270,0.767441860465116,0.27027027027027,"1614087289.93844"
"18681","Portland","Denver",2021,"401267647","DEN",-8,"230.5",270,-330,0.27027027027027,0.767441860465116,"1614087289.93844"
"18681","LA","Washington",2021,"401267648","LAC",-10,"235.5",-550,425,0.846153846153846,0.19047619047619,"1614087289.93844"
"18681","Washington","LA",2021,"401267648","LAC",-10,"235.5",425,-550,0.19047619047619,0.846153846153846,"1614087289.93844"
"18682","Golden State","Indiana",2021,"401267649","IND",-2,"228.5",105,-125,0.48780487804878,0.555555555555556,"1614160729.05229"
"18682","Indiana","Golden State",2021,"401267649","IND",-2,"228.5",-125,105,0.555555555555556,0.48780487804878,"1614160729.05229"
"18682","Chicago","Minnesota",2021,"401267653","CHI",-4.5,"227.5",-185,165,0.649122807017544,0.377358490566038,"1614160729.05229"
"18682","Minnesota","Chicago",2021,"401267653","CHI",-4.5,"227.5",165,-185,0.377358490566038,0.649122807017544,"1614160729.05229"
"18682","Detroit","New Orleans",2021,"401267654","NO",-9.5,"222",400,-500,0.2,0.833333333333333,"1614160729.05229"
"18682","New Orleans","Detroit",2021,"401267654","NO",-9.5,"222",-500,400,0.833333333333333,0.2,"1614160729.05229"
"18682","Los Angeles","Utah",2021,"401267657","UTAH",-8.5,"222",290,-350,0.256410256410256,0.777777777777778,"1614160729.05229"
"18682","Utah","Los Angeles",2021,"401267657","UTAH",-8.5,"222",-350,290,0.777777777777778,0.256410256410256,"1614160729.05229"
"18682","Golden State","Indiana",2021,"401267649","IND",-2,"231",110,-130,0.476190476190476,0.565217391304348,"1614195018.44259"
"18682","Indiana","Golden State",2021,"401267649","IND",-2,"231",-130,110,0.565217391304348,0.476190476190476,"1614195018.44259"
"18682","Atlanta","Boston",2021,"401267650","BOS",-2,"224",110,-130,0.476190476190476,0.565217391304348,"1614195018.44259"
"18682","Boston","Atlanta",2021,"401267650","BOS",-2,"224",-130,110,0.565217391304348,0.476190476190476,"1614195018.44259"
"18682","Cleveland","Houston",2021,"401267651","HOU",-3.5,"220",145,-165,0.408163265306122,0.622641509433962,"1614195018.44259"
"18682","Houston","Cleveland",2021,"401267651","HOU",-3.5,"220",-165,145,0.622641509433962,0.408163265306122,"1614195018.44259"
"18682","Miami","Toronto",2021,"401267652","MIA",-2,"214",-130,110,0.565217391304348,0.476190476190476,"1614195018.44259"
"18682","Toronto","Miami",2021,"401267652","MIA",-2,"214",110,-130,0.476190476190476,0.565217391304348,"1614195018.44259"
"18682","Chicago","Minnesota",2021,"401267653","CHI",-4,"227.5",-165,145,0.622641509433962,0.408163265306122,"1614195018.44259"
"18682","Minnesota","Chicago",2021,"401267653","CHI",-4,"227.5",145,-165,0.408163265306122,0.622641509433962,"1614195018.44259"
"18682","Detroit","New Orleans",2021,"401267654","NO",-9.5,"222.5",370,-450,0.212765957446809,0.818181818181818,"1614195018.44259"
"18682","New Orleans","Detroit",2021,"401267654","NO",-9.5,"222.5",-450,370,0.818181818181818,0.212765957446809,"1614195018.44259"
"18682","Oklahoma City","San Antonio",2021,"401267655","OKC",-1,"217.5",-115,-105,0.534883720930233,0.51219512195122,"1614195018.44259"
"18682","San Antonio","Oklahoma City",2021,"401267655","OKC",-1,"217.5",-105,-115,0.51219512195122,0.534883720930233,"1614195018.44259"
"18682","Charlotte","Phoenix",2021,"401267656","PHX",-9.5,"225",350,-450,0.222222222222222,0.818181818181818,"1614195018.44259"
"18682","Phoenix","Charlotte",2021,"401267656","PHX",-9.5,"225",-450,350,0.818181818181818,0.222222222222222,"1614195018.44259"
"18682","Los Angeles","Utah",2021,"401267657","UTAH",-9,"218.5",320,-400,0.238095238095238,0.8,"1614195018.44259"
"18682","Utah","Los Angeles",2021,"401267657","UTAH",-9,"218.5",-400,320,0.8,0.238095238095238,"1614195018.44259"
"18683","New York","Sacramento",2021,"401267660","NY",-2,"222",-130,110,0.565217391304348,0.476190476190476,"1614247438.59165"
"18683","Sacramento","New York",2021,"401267660","NY",-2,"222",110,-130,0.476190476190476,0.565217391304348,"1614247438.59165"
"18683","LA","Memphis",2021,"401267661","LAC",-8,"228",-325,265,0.764705882352941,0.273972602739726,"1614247438.59165"
"18683","Memphis","LA",2021,"401267661","LAC",-8,"228",265,-325,0.273972602739726,0.764705882352941,"1614247438.59165"
"18683","Denver","Washington",2021,"401267662","DEN",-7,"237",-280,240,0.736842105263158,0.294117647058824,"1614247438.59165"
"18683","Washington","Denver",2021,"401267662","DEN",-7,"237",240,-280,0.294117647058824,0.736842105263158,"1614247438.59165"
"18683","Milwaukee","New Orleans",2021,"401267663","MIL",-9,"241",-440,360,0.814814814814815,0.217391304347826,"1614247438.59165"
"18683","New Orleans","Milwaukee",2021,"401267663","MIL",-9,"241",360,-440,0.217391304347826,0.814814814814815,"1614247438.59165"
"18683","Dallas","Philadelphia",2021,"401267658","PHI",-4.5,"225.5",165,-185,0.377358490566038,0.649122807017544,"1614264671.30679"
"18683","Philadelphia","Dallas",2021,"401267658","PHI",-4.5,"225.5",-185,165,0.649122807017544,0.377358490566038,"1614264671.30679"
"18683","Brooklyn","Orlando",2021,"401267659","BKN",-9,"228",-400,320,0.8,0.238095238095238,"1614264671.30679"
"18683","Orlando","Brooklyn",2021,"401267659","BKN",-9,"228",320,-400,0.238095238095238,0.8,"1614264671.30679"
"18683","New York","Sacramento",2021,"401267660","NY",-1.5,"224.5",-125,105,0.555555555555556,0.48780487804878,"1614264671.30679"
"18683","Sacramento","New York",2021,"401267660","NY",-1.5,"224.5",105,-125,0.48780487804878,0.555555555555556,"1614264671.30679"
"18683","LA","Memphis",2021,"401267661","LAC",-8,"227.5",-330,270,0.767441860465116,0.27027027027027,"1614264671.30679"
"18683","Memphis","LA",2021,"401267661","LAC",-8,"227.5",270,-330,0.27027027027027,0.767441860465116,"1614264671.30679"
"18683","Denver","Washington",2021,"401267662","DEN",-7,"237",-275,235,0.733333333333333,0.298507462686567,"1614264671.30679"
"18683","Washington","Denver",2021,"401267662","DEN",-7,"237",235,-275,0.298507462686567,0.733333333333333,"1614264671.30679"
"18683","Milwaukee","New Orleans",2021,"401267663","MIL",-9,"242.5",-440,360,0.814814814814815,0.217391304347826,"1614264671.30679"
"18683","New Orleans","Milwaukee",2021,"401267663","MIL",-9,"242.5",360,-440,0.217391304347826,0.814814814814815,"1614264671.30679"
"18684","Detroit","Sacramento",2021,"401267664","SAC",-2.5,"227.5",115,-135,0.465116279069767,0.574468085106383,"1614377612.3469"
"18684","Sacramento","Detroit",2021,"401267664","SAC",-2.5,"227.5",-135,115,0.574468085106383,0.465116279069767,"1614377612.3469"
"18684","Boston","Indiana",2021,"401267665","BOS",-2.5,"219.5",-145,125,0.591836734693878,0.444444444444444,"1614377612.3469"
"18684","Indiana","Boston",2021,"401267665","BOS",-2.5,"219.5",125,-145,0.444444444444444,0.591836734693878,"1614377612.3469"
"18684","Houston","Toronto",2021,"401267666","TOR",-8,"220",280,-350,0.263157894736842,0.777777777777778,"1614377612.3469"
"18684","Toronto","Houston",2021,"401267666","TOR",-8,"220",-350,280,0.777777777777778,0.263157894736842,"1614377612.3469"
"18684","Miami","Utah",2021,"401267667","UTAH",-6.5,"219",210,-250,0.32258064516129,0.714285714285714,"1614377612.3469"
"18684","Utah","Miami",2021,"401267667","UTAH",-6.5,"219",-250,210,0.714285714285714,0.32258064516129,"1614377612.3469"
"18684","Chicago","Phoenix",2021,"401267668","PHX",-7,"226",235,-275,0.298507462686567,0.733333333333333,"1614377612.3469"
"18684","Phoenix","Chicago",2021,"401267668","PHX",-7,"226",-275,235,0.733333333333333,0.298507462686567,"1614377612.3469"
"18684","LA","Memphis",2021,"401267669","LAC",-7.5,"224.5",-300,250,0.75,0.285714285714286,"1614377612.3469"
"18684","Memphis","LA",2021,"401267669","LAC",-7.5,"224.5",250,-300,0.285714285714286,0.75,"1614377612.3469"
"18684","Atlanta","Oklahoma City",2021,"401267670","ATL",-5.5,"228",-200,175,0.666666666666667,0.363636363636364,"1614377612.3469"
"18684","Oklahoma City","Atlanta",2021,"401267670","ATL",-5.5,"228",175,-200,0.363636363636364,0.666666666666667,"1614377612.3469"
"18684","Charlotte","Golden State",2021,"401267671","GS",-6,"233.5",205,-245,0.327868852459016,0.710144927536232,"1614377612.3469"
"18684","Golden State","Charlotte",2021,"401267671","GS",-6,"233.5",-245,205,0.710144927536232,0.327868852459016,"1614377612.3469"
"18684","Los Angeles","Portland",2021,"401267672","LAL",-5,"222",-200,175,0.666666666666667,0.363636363636364,"1614377612.3469"
"18684","Portland","Los Angeles",2021,"401267672","LAL",-5,"222",175,-200,0.363636363636364,0.666666666666667,"1614377612.3469"
"18687","Orlando","Dallas",2021,"401267689","DAL",-7,"224.5",230,-270,0.303030303030303,0.72972972972973,"1614569128.10603"
"18687","Indiana","Philadelphia",2021,"401267690","DAL",-7,"224.5",-270,230,0.72972972972973,0.303030303030303,"1614569128.10603"
"18687","Utah","New Orleans",2021,"401267693","UTAH",-6.5,"235",-270,230,0.72972972972973,0.303030303030303,"1614569128.10603"
"18687","Brooklyn","San Antonio",2021,"401267694","UTAH",-6.5,"235",-270,230,0.72972972972973,0.303030303030303,"1614569128.10603"
"18687","Dallas","Orlando",2021,"401267689","DAL",-7,"224",-275,235,0.733333333333333,0.298507462686567,"1614606348.73805"
"18687","Orlando","Dallas",2021,"401267689","DAL",-7,"224",235,-275,0.298507462686567,0.733333333333333,"1614606348.73805"
"18687","Indiana","Philadelphia",2021,"401267690","PHI",-5,"223.5",190,-220,0.344827586206897,0.6875,"1614606348.73805"
"18687","Philadelphia","Indiana",2021,"401267690","PHI",-5,"223.5",-220,190,0.6875,0.344827586206897,"1614606348.73805"
"18687","Chicago","Denver",2021,"401267691","DEN",-5,"230",190,-220,0.344827586206897,0.6875,"1614606348.73805"
"18687","Denver","Chicago",2021,"401267691","DEN",-5,"230",-220,190,0.6875,0.344827586206897,"1614606348.73805"
"18687","Cleveland","Houston",2021,"401267692","HOU",-4,"217.5",155,-175,0.392156862745098,0.636363636363636,"1614606348.73805"
"18687","Houston","Cleveland",2021,"401267692","HOU",-4,"217.5",-175,155,0.636363636363636,0.392156862745098,"1614606348.73805"
"18687","New Orleans","Utah",2021,"401267693","UTAH",-7,"235",235,-275,0.298507462686567,0.733333333333333,"1614606348.73805"
"18687","Utah","New Orleans",2021,"401267693","UTAH",-7,"235",-275,235,0.733333333333333,0.298507462686567,"1614606348.73805"
"18687","Brooklyn","San Antonio",2021,"401267694","BKN",-3.5,"234.5",-175,155,0.636363636363636,0.392156862745098,"1614606348.73805"
"18687","San Antonio","Brooklyn",2021,"401267694","BKN",-3.5,"234.5",155,-175,0.392156862745098,0.636363636363636,"1614606348.73805"
"18687","Charlotte","Portland",2021,"401267695","POR",-7.5,"235",235,-275,0.298507462686567,0.733333333333333,"1614606348.73805"
"18687","Portland","Charlotte",2021,"401267695","POR",-7.5,"235",-275,235,0.733333333333333,0.298507462686567,"1614606348.73805"
"18688","Memphis","Washington",2021,"401267696","MEM",-1,"237.5",-115,-105,0.534883720930233,0.51219512195122,"1614679230.74198"
"18688","Washington","Memphis",2021,"401267696","MEM",-1,"237.5",-105,-115,0.51219512195122,0.534883720930233,"1614679230.74198"
"18688","Denver","Milwaukee",2021,"401267700","MIL",-6.5,"236",230,-270,0.303030303030303,0.72972972972973,"1614679230.74198"
"18688","Milwaukee","Denver",2021,"401267700","MIL",-6.5,"236",-270,230,0.72972972972973,0.303030303030303,"1614679230.74198"
"18688","Los Angeles","Phoenix",2021,"401267702","LAL",-2,"216.5",-130,110,0.565217391304348,0.476190476190476,"1614679230.74198"
"18688","Phoenix","Los Angeles",2021,"401267702","LAL",-2,"216.5",110,-130,0.476190476190476,0.565217391304348,"1614679230.74198"
"18689","Cleveland","Indiana",2021,"401267703","IND",-6,"216.5",205,-245,0.327868852459016,0.710144927536232,"1614743891.09742"
"18689","Indiana","Cleveland",2021,"401267703","IND",-6,"216.5",-245,205,0.710144927536232,0.327868852459016,"1614743891.09742"
"18689","Chicago","New Orleans",2021,"401267708","NO",-5.5,"236.5",175,-200,0.363636363636364,0.666666666666667,"1614743891.09742"
"18689","New Orleans","Chicago",2021,"401267708","NO",-5.5,"236.5",-200,175,0.666666666666667,0.363636363636364,"1614743891.09742"
"18689","Cleveland","Indiana",2021,"401267703","IND",-5,"217.5",175,-200,0.363636363636364,0.666666666666667,"1614810001.3252"
"18689","Indiana","Cleveland",2021,"401267703","IND",-5,"217.5",-200,175,0.666666666666667,0.363636363636364,"1614810001.3252"
"18689","Atlanta","Orlando",2021,"401267704","ATL",-2.5,"219",-140,120,0.583333333333333,0.454545454545455,"1614810001.3252"
"18689","Orlando","Atlanta",2021,"401267704","ATL",-2.5,"219",120,-140,0.454545454545455,0.583333333333333,"1614810001.3252"
"18689","Philadelphia","Utah",2021,"401267705","UTAH",-3,"230.5",130,-150,0.434782608695652,0.6,"1614810001.3252"
"18689","Utah","Philadelphia",2021,"401267705","UTAH",-3,"230.5",-150,130,0.6,0.434782608695652,"1614810001.3252"
"18689","Brooklyn","Houston",2021,"401267706","BKN",-10,"228.5",-550,400,0.846153846153846,0.2,"1614810001.3252"
"18689","Houston","Brooklyn",2021,"401267706","BKN",-10,"228.5",400,-550,0.2,0.846153846153846,"1614810001.3252"
"18689","Charlotte","Minnesota",2021,"401267707","CHA",-3,"234.5",-150,130,0.6,0.434782608695652,"1614810001.3252"
"18689","Minnesota","Charlotte",2021,"401267707","CHA",-3,"234.5",130,-150,0.434782608695652,0.6,"1614810001.3252"
"18689","Chicago","New Orleans",2021,"401267708","NO",-6,"237",205,-245,0.327868852459016,0.710144927536232,"1614810001.3252"
"18689","New Orleans","Chicago",2021,"401267708","NO",-6,"237",-245,205,0.710144927536232,0.327868852459016,"1614810001.3252"
"18689","Dallas","Oklahoma City",2021,"401267709","DAL",-4.5,"220",-185,165,0.649122807017544,0.377358490566038,"1614810001.3252"
"18689","Oklahoma City","Dallas",2021,"401267709","DAL",-4.5,"220",165,-185,0.377358490566038,0.649122807017544,"1614810001.3252"
"18689","Golden State","Portland",2021,"401267710","GS",-1.5,"233",-120,100,0.545454545454545,0.5,"1614810001.3252"
"18689","Portland","Golden State",2021,"401267710","GS",-1.5,"233",100,-120,0.5,0.545454545454545,"1614810001.3252"
"18689","Los Angeles","Sacramento",2021,"401267711","SAC",-3.5,"223.5",145,-165,0.408163265306122,0.622641509433962,"1614810001.3252"
"18689","Sacramento","Los Angeles",2021,"401267711","SAC",-3.5,"223.5",-165,145,0.622641509433962,0.408163265306122,"1614810001.3252"
"18690","Memphis","Milwaukee",2021,"401267715","MIL",-6,"235",205,-245,0.327868852459016,0.710144927536232,"1614810001.3252"
"18690","Milwaukee","Memphis",2021,"401267715","MIL",-6,"235",-245,205,0.710144927536232,0.327868852459016,"1614810001.3252"
"18689","Detroit","Toronto",2021,"401309754","TOR",-6,"212",205,-245,0.327868852459016,0.710144927536232,"1614810001.3252"
"18689","Toronto","Detroit",2021,"401309754","TOR",-6,"212",-245,205,0.710144927536232,0.327868852459016,"1614810001.3252"
"18690","Boston","Toronto",2021,"401267712","BOS",-7.5,"217",-330,270,0.767441860465116,0.27027027027027,"1614852252.19469"
"18690","Toronto","Boston",2021,"401267712","BOS",-7.5,"217",270,-330,0.27027027027027,0.767441860465116,"1614852252.19469"
"18690","Denver","Indiana",2021,"401267713","DEN",-4.5,"225.5",-175,155,0.636363636363636,0.392156862745098,"1614852252.19469"
"18690","Indiana","Denver",2021,"401267713","DEN",-4.5,"225.5",155,-175,0.392156862745098,0.636363636363636,"1614852252.19469"
"18690","Memphis","Milwaukee",2021,"401267715","MIL",-6,"235",205,-245,0.327868852459016,0.710144927536232,"1614852252.19469"
"18690","Milwaukee","Memphis",2021,"401267715","MIL",-6,"235",-245,205,0.710144927536232,0.327868852459016,"1614852252.19469"
"18690","Portland","Sacramento",2021,"401267718","POR",-4.5,"238",-185,165,0.649122807017544,0.377358490566038,"1614852252.19469"
"18690","Sacramento","Portland",2021,"401267718","POR",-4.5,"238",165,-185,0.377358490566038,0.649122807017544,"1614852252.19469"
"18690","Golden State","Phoenix",2021,"401283400","PHX",-5.5,"223.5",190,-220,0.344827586206897,0.6875,"1614852252.19469"
"18690","Phoenix","Golden State",2021,"401283400","PHX",-5.5,"223.5",-220,190,0.6875,0.344827586206897,"1614852252.19469"
"18696","Memphis","Washington",2021,"401307309","MEM",-3,"238",-150,130,0.6,0.434782608695652,"1615370436.52012"
"18696","Washington","Memphis",2021,"401307309","MEM",-3,"238",130,-150,0.434782608695652,0.6,"1615370436.52012"
"18696","Dallas","San Antonio",2021,"401307310","DAL",-4.5,"222",-185,165,0.649122807017544,0.377358490566038,"1615370436.52012"
"18696","San Antonio","Dallas",2021,"401307310","DAL",-4.5,"222",165,-185,0.377358490566038,0.649122807017544,"1615370436.52012"
"18696","Memphis","Washington",2021,"401307309","MEM",-3.5,"237",-150,130,0.6,0.434782608695652,"1615387662.68923"
"18696","Washington","Memphis",2021,"401307309","MEM",-3.5,"237",130,-150,0.434782608695652,0.6,"1615387662.68923"
"18696","Dallas","San Antonio",2021,"401307310","DAL",-4,"222.5",-175,155,0.636363636363636,0.392156862745098,"1615387662.68923"
"18696","San Antonio","Dallas",2021,"401307310","DAL",-4,"222.5",155,-175,0.392156862745098,0.636363636363636,"1615387662.68923"
"18697","Brooklyn","Boston",2021,"401307312","BKN",-3,"234.5",-145,125,0.591836734693878,0.444444444444444,"1615456894.75502"
"18697","Boston","Brooklyn",2021,"401307312","BKN",-3,"234.5",125,-145,0.444444444444444,0.591836734693878,"1615456894.75502"
"18697","Milwaukee","New York",2021,"401307356","MIL",-11,"222.5",-650,475,0.866666666666667,0.173913043478261,"1615456894.75502"
"18697","New York","Milwaukee",2021,"401307356","MIL",-11,"222.5",475,-650,0.173913043478261,0.866666666666667,"1615456894.75502"
"18697","Minnesota","New Orleans",2021,"401307357","NO",-8,"239",285,-345,0.25974025974026,0.775280898876405,"1615456894.75502"
"18697","New Orleans","Minnesota",2021,"401307357","NO",-8,"239",-345,285,0.775280898876405,0.25974025974026,"1615456894.75502"
"18698","Memphis","Denver",2021,"401307363","DEN",-3.5,"227.5",140,-160,0.416666666666667,0.615384615384615,"1615520008.40522"
"18697","New Orleans","Minnesota",2021,"401307364","DEN",-3.5,"227.5",140,-160,0.416666666666667,0.615384615384615,"1615520008.40522"
"18698","Los Angeles","Indiana",2021,"401307368","LAL",-4.5,"217.5",-185,165,0.649122807017544,0.377358490566038,"1615520008.40522"
"18697","New York","Milwaukee",2021,"401307369","LAL",-4.5,"217.5",165,-185,0.377358490566038,0.649122807017544,"1615520008.40522"
"18698","Denver","Memphis",2021,"401307363","DEN",-3.5,"227.5",-160,140,0.615384615384615,0.416666666666667,"1615543635.04904"
"18698","Memphis","Denver",2021,"401307363","DEN",-3.5,"227.5",140,-160,0.416666666666667,0.615384615384615,"1615543635.04904"
"18698","Indiana","Los Angeles",2021,"401307368","LAL",-4.5,"217.5",170,-190,0.37037037037037,0.655172413793103,"1615543635.04904"
"18698","Los Angeles","Indiana",2021,"401307368","LAL",-4.5,"217.5",-190,170,0.655172413793103,0.37037037037037,"1615543635.04904"
"18698","Philadelphia","Washington",2021,"401307362","PHI",-4,"234.5",-185,165,0.649122807017544,0.377358490566038,"1615560423.16358"
"18698","Washington","Philadelphia",2021,"401307362","PHI",-4,"234.5",165,-185,0.377358490566038,0.649122807017544,"1615560423.16358"
"18698","Denver","Memphis",2021,"401307363","DEN",-3.5,"227.5",-160,140,0.615384615384615,0.416666666666667,"1615560423.16358"
"18698","Memphis","Denver",2021,"401307363","DEN",-3.5,"227.5",140,-160,0.416666666666667,0.615384615384615,"1615560423.16358"
"18698","Cleveland","New Orleans",2021,"401307364","NO",-7,"228.5",265,-325,0.273972602739726,0.764705882352941,"1615560423.16358"
"18698","New Orleans","Cleveland",2021,"401307364","NO",-7,"228.5",-325,265,0.764705882352941,0.273972602739726,"1615560423.16358"
"18698","Chicago","Miami",2021,"401307365","MIA",-2.5,"219.5",115,-135,0.465116279069767,0.574468085106383,"1615560423.16358"
"18698","Miami","Chicago",2021,"401307365","MIA",-2.5,"219.5",-135,115,0.574468085106383,0.465116279069767,"1615560423.16358"
"18698","Orlando","San Antonio",2021,"401307366","SA",-6.5,"215",230,-270,0.303030303030303,0.72972972972973,"1615560423.16358"
"18698","San Antonio","Orlando",2021,"401307366","SA",-6.5,"215",-270,230,0.72972972972973,0.303030303030303,"1615560423.16358"
"18699","Brooklyn","Detroit",2021,"401307370","BKN",-11.5,"228",-700,500,0.875,0.166666666666667,"1615629872.03736"
"18699","Detroit","Brooklyn",2021,"401307370","BKN",-11.5,"228",500,-700,0.166666666666667,0.875,"1615629872.03736"
"18699","Charlotte","Toronto",2021,"401307371","CHA",-2,"229.5",-130,110,0.565217391304348,0.476190476190476,"1615629872.03736"
"18699","Toronto","Charlotte",2021,"401307371","CHA",-2,"229.5",110,-130,0.476190476190476,0.565217391304348,"1615629872.03736"
"18699","Atlanta","Sacramento",2021,"401307373","ATL",-3.5,"239.5",-165,145,0.622641509433962,0.408163265306122,"1615629872.03736"
"18699","Sacramento","Atlanta",2021,"401307373","ATL",-3.5,"239.5",145,-165,0.408163265306122,0.622641509433962,"1615629872.03736"
"18699","Minnesota","Portland",2021,"401307374","POR",-4.5,"233",165,-185,0.377358490566038,0.649122807017544,"1615629872.03736"
"18699","Portland","Minnesota",2021,"401307374","POR",-4.5,"233",-185,165,0.649122807017544,0.377358490566038,"1615629872.03736"
"18699","Brooklyn","Detroit",2021,"401307370","BKN",-11,"226",-700,500,0.875,0.166666666666667,"1615664439.18271"
"18699","Detroit","Brooklyn",2021,"401307370","BKN",-11,"226",500,-700,0.166666666666667,0.875,"1615664439.18271"
"18699","Charlotte","Toronto",2021,"401307371","CHA",-2.5,"233.5",-140,120,0.583333333333333,0.454545454545455,"1615664439.18271"
"18699","Toronto","Charlotte",2021,"401307371","CHA",-2.5,"233.5",120,-140,0.454545454545455,0.583333333333333,"1615664439.18271"
"18699","Milwaukee","Washington",2021,"401307372","MIL",-10.5,"241",-600,450,0.857142857142857,0.181818181818182,"1615664439.18271"
"18699","Washington","Milwaukee",2021,"401307372","MIL",-10.5,"241",450,-600,0.181818181818182,0.857142857142857,"1615664439.18271"
"18699","Atlanta","Sacramento",2021,"401307373","ATL",-4,"239",-175,155,0.636363636363636,0.392156862745098,"1615664439.18271"
"18699","Sacramento","Atlanta",2021,"401307373","ATL",-4,"239",155,-175,0.392156862745098,0.636363636363636,"1615664439.18271"
"18699","Minnesota","Portland",2021,"401307374","POR",-5,"234.5",175,-200,0.363636363636364,0.666666666666667,"1615664439.18271"
"18699","Portland","Minnesota",2021,"401307374","POR",-5,"234.5",-200,175,0.666666666666667,0.363636363636364,"1615664439.18271"
"18699","Dallas","Denver",2021,"401307375","DAL",-1.5,"225",-120,100,0.545454545454545,0.5,"1615664439.18271"
"18699","Denver","Dallas",2021,"401307375","DAL",-1.5,"225",100,-120,0.5,0.545454545454545,"1615664439.18271"
"18699","Indiana","Phoenix",2021,"401307376","PHX",-7,"224",240,-280,0.294117647058824,0.736842105263158,"1615664439.18271"
"18699","Phoenix","Indiana",2021,"401307376","PHX",-7,"224",-280,240,0.736842105263158,0.294117647058824,"1615664439.18271"
"18701","Indiana","Denver",2021,"401307391","DEN",-4.5,"223.5",165,-185,0.377358490566038,0.649122807017544,"1615859177.26014"
"18701","Memphis","Phoenix",2021,"401307392","DEN",-4.5,"223.5",165,-185,0.377358490566038,0.649122807017544,"1615859177.26014"
"18701","Phoenix","Memphis",2021,"401307392","PHX",-7.5,"228",-310,255,0.75609756097561,0.28169014084507,"1615859177.26014"
"18701","Golden State","Los Angeles",2021,"401307393","PHX",-7.5,"228",-310,255,0.75609756097561,0.28169014084507,"1615859177.26014"
"18701","Los Angeles","Golden State",2021,"401307393","LAL",-1.5,"224.5",-125,105,0.555555555555556,0.48780487804878,"1615859177.26014"
"18702","Boston","Utah",2021,"401307394","LAL",-1.5,"224.5",105,-125,0.48780487804878,0.555555555555556,"1615859177.26014"
"18702","Utah","Boston",2021,"401307394","UTAH",-5,"227.5",-190,170,0.655172413793103,0.37037037037037,"1615859177.26014"
"18702","Cleveland","Miami",2021,"401307395","UTAH",-5,"227.5",-190,170,0.655172413793103,0.37037037037037,"1615859177.26014"
"18702","Philadelphia","New York",2021,"401307396","PHI",-7,"215.5",-260,220,0.722222222222222,0.3125,"1615859177.26014"
"18702","Chicago","Oklahoma City",2021,"401307397","PHI",-7,"215.5",-260,220,0.722222222222222,0.3125,"1615859177.26014"
"18702","Oklahoma City","Chicago",2021,"401307397","CHI",-5,"223.5",175,-200,0.363636363636364,0.666666666666667,"1615859177.26014"
"18702","Atlanta","Houston",2021,"401307398","CHI",-5,"223.5",175,-200,0.363636363636364,0.666666666666667,"1615859177.26014"
"18702","Minnesota","Los Angeles",2021,"401307400","LAL",-9,"225",360,-440,0.217391304347826,0.814814814814815,"1615859177.26014"
"18701","Detroit","San Antonio",2021,"401307401","LAL",-9,"225",-440,360,0.814814814814815,0.217391304347826,"1615859177.26014"
"18702","Boston","Utah",2021,"401307394","UTAH",-4.5,"227.5",165,-185,0.377358490566038,0.649122807017544,"1615885550.21442"
"18702","Utah","Boston",2021,"401307394","UTAH",-4.5,"227.5",-185,165,0.649122807017544,0.377358490566038,"1615885550.21442"
"18702","New York","Philadelphia",2021,"401307396","PHI",-7,"216",230,-270,0.303030303030303,0.72972972972973,"1615885550.21442"
"18702","Philadelphia","New York",2021,"401307396","PHI",-7,"216",-270,230,0.72972972972973,0.303030303030303,"1615885550.21442"
"18702","Chicago","Oklahoma City",2021,"401307397","CHI",-5.5,"224",-220,190,0.6875,0.344827586206897,"1615885550.21442"
"18702","Oklahoma City","Chicago",2021,"401307397","CHI",-5.5,"224",190,-220,0.344827586206897,0.6875,"1615885550.21442"
"18702","Los Angeles","Minnesota",2021,"401307400","LAL",-9,"225",-440,360,0.814814814814815,0.217391304347826,"1615885550.21442"
"18702","Minnesota","Los Angeles",2021,"401307400","LAL",-9,"225",360,-440,0.217391304347826,0.814814814814815,"1615885550.21442"
"18703","Brooklyn","Indiana",2021,"401307402","BKN",-3.5,"232.5",-165,145,0.622641509433962,0.408163265306122,"1615971881.54859"
"18703","Indiana","Brooklyn",2021,"401307402","BKN",-3.5,"232.5",145,-165,0.408163265306122,0.622641509433962,"1615971881.54859"
"18703","Milwaukee","Philadelphia",2021,"401307403","MIL",-5.5,"236",-245,205,0.710144927536232,0.327868852459016,"1615971881.54859"
"18703","Philadelphia","Milwaukee",2021,"401307403","MIL",-5.5,"236",205,-245,0.327868852459016,0.710144927536232,"1615971881.54859"
"18703","Sacramento","Washington",2021,"401307404","WSH",-3,"245.5",130,-150,0.434782608695652,0.6,"1615971881.54859"
"18703","Washington","Sacramento",2021,"401307404","WSH",-3,"245.5",-150,130,0.6,0.434782608695652,"1615971881.54859"
"18703","Memphis","Miami",2021,"401307408","MIA",-2,"221",110,-130,0.476190476190476,0.565217391304348,"1615971881.54859"
"18703","Miami","Memphis",2021,"401307408","MIA",-2,"221",-130,110,0.565217391304348,0.476190476190476,"1615971881.54859"
"18703","Charlotte","Denver",2021,"401307409","DEN",-6.5,"231",230,-270,0.303030303030303,0.72972972972973,"1615971881.54859"
"18703","Denver","Charlotte",2021,"401307409","DEN",-6.5,"231",-270,230,0.72972972972973,0.303030303030303,"1615971881.54859"
"18703","Dallas","LA",2021,"401307410","LAC",-2.5,"227",120,-140,0.454545454545455,0.583333333333333,"1615971881.54859"
"18703","LA","Dallas",2021,"401307410","LAC",-2.5,"227",-140,120,0.583333333333333,0.454545454545455,"1615971881.54859"
"18703","Dallas","LA",2021,"401307410","LAC",-2.5,"225.5",115,-135,0.465116279069767,0.574468085106383,"1616030743.7409"
"18703","LA","Dallas",2021,"401307410","LAC",-2.5,"225.5",-135,115,0.574468085106383,0.465116279069767,"1616030743.7409"
"18704","Minnesota","Phoenix",2021,"401307414","PHX",-10.5,"228",450,-600,0.181818181818182,0.857142857142857,"1616030743.7409"
"18704","Phoenix","Minnesota",2021,"401307414","PHX",-10.5,"228",-600,450,0.857142857142857,0.181818181818182,"1616030743.7409"
"18704","New Orleans","Portland",2021,"401307415","POR",-1,"241.5",-105,-115,0.51219512195122,0.534883720930233,"1616030743.7409"
"18704","Portland","New Orleans",2021,"401307415","POR",-1,"241.5",-115,-105,0.534883720930233,0.51219512195122,"1616030743.7409"
"18704","Charlotte","Los Angeles",2021,"401307416","LAL",-8,"227.5",285,-345,0.25974025974026,0.775280898876405,"1616030743.7409"
"18704","Los Angeles","Charlotte",2021,"401307416","LAL",-8,"227.5",-345,285,0.775280898876405,0.25974025974026,"1616030743.7409"
